{
	"format_version": "1.10.0",
	"geometry.model": {
		"texturewidth": 64,
		"textureheight": 64,
		"visible_bounds_width": 3,
		"visible_bounds_height": 4,
		"visible_bounds_offset": [0, 1, 0],
		"bones": [
			{
				"name": "head",
				"pivot": [0, 18, 0],
				"cubes": [
					{"origin": [-4, 18, -4], "size": [8, 8, 8], "uv": [0, 18]},
					{"origin": [-4.25, 15.75, -4.25], "size": [8.5, 10.5, 8.5], "uv": [0, 0]}
				]
			},
			{
				"name": "blink",
				"parent": "head",
				"pivot": [0, 18, 0],
				"cubes": [
					{"origin": [-4, 18, -4.001], "size": [8, 8, 0], "uv": [0, 34]}
				]
			},
			{
				"name": "armRight",
				"pivot": [-2.75, 18.25, 0],
				"rotation": [0, 0, 25],
				"cubes": [
					{"origin": [-4.75, 9.25, -1], "size": [2, 8, 2], "uv": [44, 22]},
					{"origin": [-5.25, 11.25, -1.5], "size": [3, 4, 3], "uv": [35, 43]}
				]
			},
			{
				"name": "armLeft",
				"pivot": [2.75, 18.25, 0],
				"rotation": [0, 0, -25],
				"cubes": [
					{"origin": [2.25, 11.25, -1.5], "size": [3, 4, 3], "uv": [23, 43]},
					{"origin": [2.75, 9.25, -1], "size": [2, 8, 2], "uv": [10, 44]}
				]
			},
			{
				"name": "body",
				"pivot": [0, 10.5, 0],
				"cubes": [
					{"origin": [-3, 8.999, -3], "size": [6, 9, 6], "uv": [26, 28]},
					{"origin": [-3.75, 14.499, -3.75], "size": [7.5, 2, 7.5], "uv": [32, 0]}
				]
			},
			{
				"name": "sittingRotationSkirt",
				"parent": "body",
				"pivot": [0, 10.5, 0],
				"cubes": [
					{"origin": [-4, 7, -3.5], "size": [8, 4, 7], "uv": [25, 11]}
				]
			},
			{
				"name": "legLeft",
				"pivot": [2, 9, 0],
				"cubes": [
					{"origin": [0.499, 0, -1.5], "size": [2.5, 9, 3], "uv": [0, 42]},
					{"origin": [-0.001, 4, -2], "size": [3.5, 2, 4], "uv": [24, 0]}
				]
			},
			{
				"name": "legRight",
				"pivot": [-2, 9, 0],
				"cubes": [
					{"origin": [-2.999, 0, -1.5], "size": [2.5, 9, 3], "uv": [16, 34]}
				]
			},
			{
				"name": "tail",
				"pivot": [0, 8, 4],
				"rotation": [20, 0, 0],
				"cubes": [
					{"origin": [-1, 8, 4], "size": [2, 2, 3], "uv": [32, 22]}
				]
			}
		]
	}
}