{
	"pack_name": "{maid_pack.genshin_impact_models.name}",
	"date": "2021-10-26",
	"icon": "genshin_impact_models:textures/maid_icon.png",
	"version": "1.1.2",
	"author": ["tartaric_acid", "Hu Kakao", "Hibikii"],
	"description": ["{maid_pack.genshin_impact_models.desc}"],
	"model_list": [
		{
			"model_id": "genshin_impact_models:kamisato_ayaka",
			"description": ["{model.genshin_impact_models.kamisato_ayaka.desc}"],
			"render_entity_scale": 0.9,
			"animation": ["touhou_little_maid:animation/maid/default/head/default.js", "touhou_little_maid:animation/maid/default/head/beg.js", "touhou_little_maid:animation/maid/default/head/music_shake.js", "touhou_little_maid:animation/maid/default/arm/default.js", "touhou_little_maid:animation/maid/default/arm/swing.js", "touhou_little_maid:animation/maid/default/leg/default.js", "touhou_little_maid:animation/maid/default/sit/default.js", "touhou_little_maid:animation/maid/default/head/blink.js", "touhou_little_maid:animation/maid/default/sit/skirt_rotation.js"]
		},
		{
			"model_id": "genshin_impact_models:hu_tao",
			"description": ["{model.genshin_impact_models.hu_tao.desc}"],
			"render_entity_scale": 0.9,
			"animation": ["touhou_little_maid:animation/maid/default/head/default.js", "touhou_little_maid:animation/maid/default/head/beg.js", "touhou_little_maid:animation/maid/default/head/music_shake.js", "touhou_little_maid:animation/maid/default/arm/default.js", "touhou_little_maid:animation/maid/default/arm/swing.js", "touhou_little_maid:animation/maid/default/leg/default.js", "touhou_little_maid:animation/maid/default/sit/default.js", "touhou_little_maid:animation/maid/default/head/blink.js"]
		},
		{
			"model_id": "genshin_impact_models:keqing",
			"description": ["{model.genshin_impact_models.keqing.desc}"],
			"render_entity_scale": 0.9,
			"animation": ["touhou_little_maid:animation/maid/default/head/default.js", "touhou_little_maid:animation/maid/default/head/beg.js", "touhou_little_maid:animation/maid/default/head/music_shake.js", "touhou_little_maid:animation/maid/default/arm/default.js", "touhou_little_maid:animation/maid/default/arm/swing.js", "touhou_little_maid:animation/maid/default/leg/default.js", "touhou_little_maid:animation/maid/default/sit/default.js", "touhou_little_maid:animation/maid/default/head/blink.js", "touhou_little_maid:animation/maid/default/sit/skirt_rotation.js"]
		},
		{
			"model_id": "genshin_impact_models:klee",
			"description": ["{model.genshin_impact_models.klee.desc}"],
			"render_entity_scale": 0.7,
			"render_item_scale": 1.25,
			"animation": ["touhou_little_maid:animation/maid/default/head/default.js", "touhou_little_maid:animation/maid/default/head/beg.js", "touhou_little_maid:animation/maid/default/head/music_shake.js", "touhou_little_maid:animation/maid/default/arm/default.js", "touhou_little_maid:animation/maid/default/arm/swing.js", "touhou_little_maid:animation/maid/default/leg/default.js", "touhou_little_maid:animation/maid/default/sit/default.js", "touhou_little_maid:animation/maid/default/head/blink.js", "touhou_little_maid:animation/maid/default/sit/skirt_rotation.js"]
		},
		{
			"model_id": "genshin_impact_models:qiqi",
			"description": ["{model.genshin_impact_models.qiqi.desc}"],
			"render_entity_scale": 0.7,
			"render_item_scale": 1.25,
			"animation": ["touhou_little_maid:animation/maid/default/head/default.js", "touhou_little_maid:animation/maid/default/head/beg.js", "touhou_little_maid:animation/maid/default/head/music_shake.js", "touhou_little_maid:animation/maid/default/arm/default.js", "touhou_little_maid:animation/maid/default/arm/swing.js", "touhou_little_maid:animation/maid/default/leg/default.js", "touhou_little_maid:animation/maid/default/sit/default.js", "touhou_little_maid:animation/maid/default/head/blink.js"]
		},
		{
			"model_id": "genshin_impact_models:lumine",
			"description": ["{model.genshin_impact_models.lumine.desc}"],
			"animation": ["touhou_little_maid:animation/maid/default/head/default.js", "touhou_little_maid:animation/maid/default/head/beg.js", "touhou_little_maid:animation/maid/default/head/music_shake.js", "touhou_little_maid:animation/maid/default/arm/default.js", "touhou_little_maid:animation/maid/default/arm/swing.js", "touhou_little_maid:animation/maid/default/leg/default.js", "touhou_little_maid:animation/maid/default/sit/default.js", "touhou_little_maid:animation/maid/default/head/blink.js", "touhou_little_maid:animation/maid/default/sit/skirt_rotation.js"]
		},
		{
			"model_id": "genshin_impact_models:noelle",
			"description": ["{model.genshin_impact_models.noelle.desc}"],
			"animation": ["touhou_little_maid:animation/maid/default/head/default.js", "touhou_little_maid:animation/maid/default/head/beg.js", "touhou_little_maid:animation/maid/default/head/music_shake.js", "touhou_little_maid:animation/maid/default/arm/default.js", "touhou_little_maid:animation/maid/default/arm/swing.js", "touhou_little_maid:animation/maid/default/leg/default.js", "touhou_little_maid:animation/maid/default/sit/default.js", "touhou_little_maid:animation/maid/default/head/blink.js", "touhou_little_maid:animation/maid/default/sit/skirt_rotation.js"]
		},
		{
			"model_id": "genshin_impact_models:ganyu",
			"description": ["{model.genshin_impact_models.ganyu.desc}"],
			"render_entity_scale": 0.9,
			"animation": ["touhou_little_maid:animation/maid/default/head/default.js", "touhou_little_maid:animation/maid/default/head/beg.js", "touhou_little_maid:animation/maid/default/head/music_shake.js", "touhou_little_maid:animation/maid/default/arm/default.js", "touhou_little_maid:animation/maid/default/arm/swing.js", "touhou_little_maid:animation/maid/default/leg/default.js", "touhou_little_maid:animation/maid/default/sit/default.js", "touhou_little_maid:animation/maid/default/head/blink.js"]
		},
		{
			"model_id": "genshin_impact_models:hu_tao_2",
			"name": "{model.genshin_impact_models.hu_tao.name}",
			"description": ["{model.genshin_impact_models.hu_tao.desc}"],
			"render_entity_scale": 0.9,
			"animation": ["touhou_little_maid:animation/maid/default/head/default.js", "touhou_little_maid:animation/maid/default/head/beg.js", "touhou_little_maid:animation/maid/default/head/music_shake.js", "touhou_little_maid:animation/maid/default/arm/default.js", "touhou_little_maid:animation/maid/default/arm/swing.js", "touhou_little_maid:animation/maid/default/leg/default.js", "touhou_little_maid:animation/maid/default/sit/default.js", "touhou_little_maid:animation/maid/default/head/blink.js"]
		}
	]
}