{
	"format_version": "1.10.0",
	"geometry.model": {
		"texturewidth": 128,
		"textureheight": 128,
		"visible_bounds_width": 3,
		"visible_bounds_height": 4.5,
		"visible_bounds_offset": [0, 0.75, 0],
		"bones": [
			{
				"name": "head",
				"pivot": [0, 18, 0],
				"cubes": [
					{"origin": [-4, 20, -4], "size": [8, 8, 8], "uv": [0, 16]}
				]
			},
			{
				"name": "ahoge",
				"parent": "head",
				"pivot": [0.125, 14.375, -1.125],
				"rotation": [-5, -15, 0],
				"cubes": [
					{"origin": [-0.25, 28.25, -1.25], "size": [1, 1, 0], "uv": [0, 16]}
				]
			},
			{
				"name": "bone76",
				"parent": "ahoge",
				"pivot": [0.75, 29.25, -1.25],
				"rotation": [30, 0, 0],
				"cubes": [
					{"origin": [-0.25, 29.25, -1.25], "size": [1, 1, 0], "uv": [7, 7]}
				]
			},
			{
				"name": "bone77",
				"parent": "bone76",
				"pivot": [0.75, 30.25, -1.25],
				"rotation": [30, 0, 0],
				"cubes": [
					{"origin": [-0.25, 30.25, -1.25], "size": [1, 1, 0], "uv": [6, 1]}
				]
			},
			{
				"name": "bone78",
				"parent": "bone77",
				"pivot": [0.75, 31.25, -1.25],
				"rotation": [30, 0, 0],
				"cubes": [
					{"origin": [-0.25, 31.25, -1.25], "size": [1, 1, 0], "uv": [6, 0]}
				]
			},
			{
				"name": "bone79",
				"parent": "bone78",
				"pivot": [0.75, 32.25, -1.25],
				"rotation": [25, 0, 0],
				"cubes": [
					{"origin": [-0.25, 32.25, -1.25], "size": [1, 2, 0], "uv": [0, 0]}
				]
			},
			{
				"name": "bone80",
				"parent": "bone79",
				"pivot": [0.75, 34.25, -1.25],
				"rotation": [20, 0, 0],
				"cubes": [
					{"origin": [-0.25, 34.25, -1.25], "size": [1, 3, 0], "uv": [22, 32]}
				]
			},
			{
				"name": "bone81",
				"parent": "bone80",
				"pivot": [0.75, 37.25, -1.25],
				"rotation": [25, 0, 0],
				"cubes": [
					{"origin": [-0.25, 37.25, -1.25], "size": [1, 4, 0], "uv": [27, 0]}
				]
			},
			{
				"name": "blink",
				"parent": "head",
				"pivot": [0, 18, 0],
				"cubes": [
					{"origin": [-4, 20, -4.001], "size": [8, 8, 0], "uv": [57, 12]}
				]
			},
			{
				"name": "head2",
				"parent": "head",
				"pivot": [0, 18, 0],
				"cubes": [
					{"origin": [-3.5, 20.5, -4.5], "size": [7, 7, 9], "uv": [0, 0]},
					{"origin": [-3.5, 24.5, -3.5], "size": [7, 4, 7], "uv": [25, 9]},
					{"origin": [-4.5, 20.5, -3.5], "size": [9, 7, 7], "uv": [25, 25]}
				]
			},
			{
				"name": "ahoge2",
				"parent": "head2",
				"pivot": [0, 0, 0]
			},
			{
				"name": "hair",
				"parent": "head",
				"pivot": [0, 18, 0]
			},
			{
				"name": "hair2",
				"parent": "hair",
				"pivot": [2.5, 19, 4.5],
				"rotation": [10, 0, -10],
				"cubes": [
					{"origin": [2.8473, 17.93969, 3.84202], "size": [1, 3, 1], "uv": [0, 79]}
				]
			},
			{
				"name": "bone17",
				"parent": "hair2",
				"pivot": [2.5, 16, 3.5],
				"rotation": [5, 0, 0],
				"cubes": [
					{"origin": [2.8473, 14.9025, 4.00977], "size": [1, 3, 1], "uv": [78, 66]}
				]
			},
			{
				"name": "bone18",
				"parent": "bone17",
				"pivot": [2.5, 13, 3.5],
				"rotation": [5, 0, 0],
				"cubes": [
					{"origin": [2.8473, 11.85083, 4.17365], "size": [1, 3, 1], "uv": [78, 51]}
				]
			},
			{
				"name": "hair3",
				"parent": "hair",
				"pivot": [1.5, 19, 4.5],
				"rotation": [15, 0, -5]
			},
			{
				"name": "bone19",
				"parent": "hair3",
				"pivot": [1.5, 19, 4.5],
				"rotation": [2, 0, 0],
				"cubes": [
					{"origin": [1.67431, 17.90533, 4.08252], "size": [1, 3, 1], "uv": [78, 42]}
				]
			},
			{
				"name": "bone20",
				"parent": "bone19",
				"pivot": [1.5, 16, 3.5],
				"rotation": [5, 0, 0],
				"cubes": [
					{"origin": [1.67431, 14.84731, 4.24636], "size": [1, 3, 1], "uv": [78, 38]}
				]
			},
			{
				"name": "bone21",
				"parent": "bone20",
				"pivot": [1.5, 13, 3.5],
				"rotation": [5, 0, 0],
				"cubes": [
					{"origin": [1.67431, 11.77523, 4.40453], "size": [1, 3, 1], "uv": [72, 78]}
				]
			},
			{
				"name": "hair4",
				"parent": "hair",
				"pivot": [0, 18, 0]
			},
			{
				"name": "bone22",
				"parent": "hair4",
				"pivot": [0.5, 19, 4.5],
				"rotation": [9, 0, 0],
				"cubes": [
					{"origin": [0.5, 17.97538, 3.81287], "size": [1, 3, 1], "uv": [43, 78]}
				]
			},
			{
				"name": "bone23",
				"parent": "bone22",
				"pivot": [0.5, 16, 3.5],
				"rotation": [5, 0, 0],
				"cubes": [
					{"origin": [0.5, 14.94059, 3.98384], "size": [1, 3, 1], "uv": [77, 73]}
				]
			},
			{
				"name": "bone24",
				"parent": "bone23",
				"pivot": [0.5, 13, 3.5],
				"rotation": [5, 0, 0],
				"cubes": [
					{"origin": [0.5, 11.89104, 4.15114], "size": [1, 3, 1], "uv": [77, 47]}
				]
			},
			{
				"name": "hair5",
				"parent": "hair",
				"pivot": [-2.5, 19, 4.5],
				"rotation": [10, 0, 10],
				"cubes": [
					{"origin": [-3.8473, 17.93969, 3.84202], "size": [1, 3, 1], "uv": [77, 34]}
				]
			},
			{
				"name": "bone25",
				"parent": "hair5",
				"pivot": [-2.5, 16, 3.5],
				"rotation": [5, 0, 0],
				"cubes": [
					{"origin": [-3.8473, 14.9025, 4.00977], "size": [1, 3, 1], "uv": [77, 25]}
				]
			},
			{
				"name": "bone26",
				"parent": "bone25",
				"pivot": [-2.5, 13, 3.5],
				"rotation": [5, 0, 0],
				"cubes": [
					{"origin": [-3.8473, 11.85083, 4.17365], "size": [1, 3, 1], "uv": [77, 14]}
				]
			},
			{
				"name": "hair6",
				"parent": "hair",
				"pivot": [-1.5, 19, 4.5],
				"rotation": [5, 0, 5]
			},
			{
				"name": "bone27",
				"parent": "hair6",
				"pivot": [-1.5, 19, 4.5],
				"rotation": [12, 0, 0],
				"cubes": [
					{"origin": [-2.67431, 17.90533, 4.08252], "size": [1, 3, 1], "uv": [77, 10]}
				]
			},
			{
				"name": "bone28",
				"parent": "bone27",
				"pivot": [-1.5, 16, 3.5],
				"rotation": [5, 0, 0],
				"cubes": [
					{"origin": [-2.67431, 14.84731, 4.24636], "size": [1, 3, 1], "uv": [76, 77]}
				]
			},
			{
				"name": "bone29",
				"parent": "bone28",
				"pivot": [-1.5, 13, 3.5],
				"rotation": [5, 0, 0],
				"cubes": [
					{"origin": [-2.67431, 11.77523, 4.40453], "size": [1, 3, 1], "uv": [35, 77]}
				]
			},
			{
				"name": "hair7",
				"parent": "hair",
				"pivot": [0, 18, 0]
			},
			{
				"name": "bone30",
				"parent": "hair7",
				"pivot": [-0.5, 19, 4.5],
				"rotation": [5, 0, 0],
				"cubes": [
					{"origin": [-1.5, 17.99239, 3.67431], "size": [1, 3, 1], "uv": [31, 77]}
				]
			},
			{
				"name": "bone31",
				"parent": "bone30",
				"pivot": [-0.5, 16, 3.5],
				"rotation": [5, 0, 0],
				"cubes": [
					{"origin": [-1.5, 14.96962, 3.8473], "size": [1, 3, 1], "uv": [76, 58]}
				]
			},
			{
				"name": "bone32",
				"parent": "bone31",
				"pivot": [-0.5, 13, 3.5],
				"rotation": [5, 0, 0],
				"cubes": [
					{"origin": [-1.5, 11.93185, 4.01764], "size": [1, 3, 1], "uv": [55, 76]}
				]
			},
			{
				"name": "hair8",
				"parent": "hair",
				"pivot": [-0.5, 19, 4.5],
				"rotation": [20, 0, 0],
				"cubes": [
					{"origin": [-0.5, 17.87939, 4.18404], "size": [1, 3, 1], "uv": [4, 76]}
				]
			},
			{
				"name": "bone33",
				"parent": "hair8",
				"pivot": [-0.5, 16, 3.5],
				"rotation": [5, 0, 0],
				"cubes": [
					{"origin": [-0.5, 14.81262, 4.34524], "size": [1, 3, 1], "uv": [75, 69]}
				]
			},
			{
				"name": "bone34",
				"parent": "bone33",
				"pivot": [-0.5, 13, 3.5],
				"rotation": [5, 0, 0],
				"cubes": [
					{"origin": [-0.5, 11.73205, 4.5], "size": [1, 3, 1], "uv": [75, 63]}
				]
			},
			{
				"name": "hair9",
				"parent": "hair",
				"pivot": [3.3, 19, 3.3],
				"rotation": [0, 90, 0]
			},
			{
				"name": "bone102",
				"parent": "hair9",
				"pivot": [3.3, 19, 3.3],
				"rotation": [15, 0, 15],
				"cubes": [
					{"origin": [2.28236, 17.86603, 3.3], "size": [1, 3, 1], "uv": [75, 54]}
				]
			},
			{
				"name": "bone103",
				"parent": "hair9",
				"pivot": [3.3, 19, 3.3],
				"rotation": [20, 0, 20],
				"cubes": [
					{"origin": [2.37833, 14.87531, 3.1928], "size": [1, 3, 1], "uv": [75, 30]}
				]
			},
			{
				"name": "bone104",
				"parent": "hair9",
				"pivot": [3.3, 19, 3.3],
				"rotation": [15, 0, 15],
				"cubes": [
					{"origin": [2.07064, 12.05955, 3.57319], "size": [1, 3, 1], "uv": [75, 4]}
				]
			},
			{
				"name": "hair10",
				"parent": "hair",
				"pivot": [-3.3, 19, 3.3],
				"rotation": [0, -90, 0]
			},
			{
				"name": "bone35",
				"parent": "hair10",
				"pivot": [-3.3, 19, 3.3],
				"rotation": [15, 0, -15],
				"cubes": [
					{"origin": [-3.28236, 17.86603, 3.3], "size": [1, 3, 1], "uv": [75, 0]}
				]
			},
			{
				"name": "bone36",
				"parent": "hair10",
				"pivot": [-3.3, 19, 3.3],
				"rotation": [20, 0, -20],
				"cubes": [
					{"origin": [-3.37833, 14.87531, 3.1928], "size": [1, 3, 1], "uv": [69, 75]}
				]
			},
			{
				"name": "bone37",
				"parent": "hair10",
				"pivot": [-3.3, 19, 3.3],
				"rotation": [15, 0, -15],
				"cubes": [
					{"origin": [-3.07064, 12.05955, 3.57319], "size": [1, 3, 1], "uv": [65, 75]}
				]
			},
			{
				"name": "hair11",
				"parent": "hair",
				"pivot": [3.5, 0, 5.5],
				"rotation": [0, 180, -5]
			},
			{
				"name": "bone38",
				"parent": "hair11",
				"pivot": [-0.5, 18, 1.5],
				"rotation": [0, 0, 5],
				"cubes": [
					{"origin": [0.42199, 17.92542, 7.499], "size": [1, 3, 1], "uv": [61, 75]}
				]
			},
			{
				"name": "bone39",
				"parent": "hair11",
				"pivot": [-0.5, 18, 1.5],
				"rotation": [0, 0, 10],
				"cubes": [
					{"origin": [0.42117, 15.09321, 7.499], "size": [1, 3, 1], "uv": [51, 75]}
				]
			},
			{
				"name": "bone40",
				"parent": "hair11",
				"pivot": [-0.5, 18, 1.5],
				"rotation": [0, 0, 15],
				"cubes": [
					{"origin": [0.66721, 12.27172, 7.499], "size": [1, 3, 1], "uv": [40, 75]}
				]
			},
			{
				"name": "hair12",
				"parent": "hair",
				"pivot": [-3.5, 0, 5.5],
				"rotation": [0, -180, 5]
			},
			{
				"name": "bone41",
				"parent": "hair12",
				"pivot": [0.5, 18, 1.5],
				"rotation": [0, 0, -5],
				"cubes": [
					{"origin": [-1.42199, 17.92542, 7.499], "size": [1, 3, 1], "uv": [27, 75]}
				]
			},
			{
				"name": "bone42",
				"parent": "hair12",
				"pivot": [0.5, 18, 1.5],
				"rotation": [0, 0, -10],
				"cubes": [
					{"origin": [-1.42117, 15.09321, 7.499], "size": [1, 3, 1], "uv": [23, 75]}
				]
			},
			{
				"name": "bone43",
				"parent": "hair12",
				"pivot": [0.5, 18, 1.5],
				"rotation": [0, 0, -15],
				"cubes": [
					{"origin": [-1.66721, 12.27172, 7.499], "size": [1, 3, 1], "uv": [19, 75]}
				]
			},
			{
				"name": "hair13",
				"parent": "hair",
				"pivot": [0, 19, 0]
			},
			{
				"name": "bone50",
				"parent": "hair13",
				"pivot": [-3, 19, -4],
				"rotation": [-5, 0, 5],
				"cubes": [
					{"origin": [-4.17431, 17.98481, -4.17365], "size": [1, 3, 1], "uv": [15, 75]}
				]
			},
			{
				"name": "bone51",
				"parent": "bone50",
				"pivot": [-3, 16, -3],
				"rotation": [-5, 0, 5],
				"cubes": [
					{"origin": [-4.34664, 14.93946, -4.34399], "size": [1, 3, 1], "uv": [74, 44]}
				]
			},
			{
				"name": "bone52",
				"parent": "bone51",
				"pivot": [-4, 13, -4],
				"rotation": [5, 0, -5],
				"cubes": [
					{"origin": [-4.17628, 11.98481, -4.17166], "size": [1, 3, 1], "uv": [73, 16]}
				]
			},
			{
				"name": "hair14",
				"parent": "hair",
				"pivot": [0, 19, 0]
			},
			{
				"name": "bone53",
				"parent": "hair14",
				"pivot": [3, 19, -4],
				"rotation": [-5, 0, -5],
				"cubes": [
					{"origin": [3.17431, 17.98481, -4.17365], "size": [1, 3, 1], "uv": [62, 21]}
				]
			},
			{
				"name": "bone54",
				"parent": "bone53",
				"pivot": [3, 16, -3],
				"rotation": [-5, 0, -5],
				"cubes": [
					{"origin": [3.34664, 14.93946, -4.34399], "size": [1, 3, 1], "uv": [48, 59]}
				]
			},
			{
				"name": "bone55",
				"parent": "bone54",
				"pivot": [4, 13, -4],
				"rotation": [5, 0, 5],
				"cubes": [
					{"origin": [3.17628, 11.98481, -4.17166], "size": [1, 3, 1], "uv": [58, 43]}
				]
			},
			{
				"name": "fashi",
				"parent": "head",
				"pivot": [0, -4.25, -2.75]
			},
			{
				"name": "bone44",
				"parent": "fashi",
				"pivot": [0, 7.91901, -2.73394],
				"rotation": [-5, 0, 0],
				"cubes": [
					{"origin": [-1, 25.62443, -6.37614], "size": [2, 1, 1], "uv": [46, 14]},
					{"origin": [-2, 25.87443, -6.37614], "size": [4, 1, 1], "uv": [59, 7], "inflate": -0.2}
				]
			},
			{
				"name": "bone45",
				"parent": "bone44",
				"pivot": [-0.5, 23.5, -6.25],
				"rotation": [-10, 0, 20],
				"cubes": [
					{"origin": [-1.68144, 24.81352, -7.24677], "size": [1, 1, 1], "uv": [27, 52]}
				]
			},
			{
				"name": "bone46",
				"parent": "bone44",
				"pivot": [0.5, 23.5, -6.25],
				"rotation": [-10, 0, -20],
				"cubes": [
					{"origin": [0.68144, 24.81352, -7.24677], "size": [1, 1, 1], "uv": [24, 51]}
				]
			},
			{
				"name": "bone47",
				"parent": "bone44",
				"pivot": [-1.3, 24.42595, -6.00092],
				"rotation": [0, 0, 30],
				"cubes": [
					{"origin": [-3.29619, 26.01743, -6.67523], "size": [2.5, 1.75, 1], "uv": [46, 12], "inflate": -0.4}
				]
			},
			{
				"name": "bone48",
				"parent": "bone44",
				"pivot": [1.3, 24.42595, -6.00092],
				"rotation": [0, 0, -30],
				"cubes": [
					{"origin": [0.79619, 26.01743, -6.67523], "size": [2.5, 1.75, 1], "uv": [40, 43], "inflate": -0.4}
				]
			},
			{
				"name": "bone49",
				"parent": "fashi",
				"pivot": [-4.25, 21.9125, 0],
				"rotation": [-5, 0, 35],
				"cubes": [
					{"origin": [-7.39715, 23.63207, -0.64279], "size": [4, 1, 1], "uv": [48, 57]},
					{"origin": [-7.39715, 20.53207, -0.64279], "size": [4, 5.1, 1], "uv": [22, 69], "inflate": -0.3}
				]
			},
			{
				"name": "bone56",
				"parent": "fashi",
				"pivot": [-4, 22.9125, 0.5],
				"rotation": [10, 0, 60],
				"cubes": [
					{"origin": [-7.73205, 23.73481, 0.17365], "size": [4, 1, 1], "uv": [13, 55]},
					{"origin": [-7.73205, 21.38481, 0.17365], "size": [4, 4.35, 1], "uv": [63, 70], "inflate": -0.3}
				]
			},
			{
				"name": "bone57",
				"parent": "fashi",
				"pivot": [4.25, 21.9125, 0],
				"rotation": [-5, 0, -35],
				"cubes": [
					{"origin": [3.39715, 23.63207, -0.64279], "size": [4, 1, 1], "uv": [54, 51]},
					{"origin": [3.39715, 20.53207, -0.64279], "size": [4, 5.1, 1], "uv": [12, 69], "inflate": -0.3}
				]
			},
			{
				"name": "bone58",
				"parent": "fashi",
				"pivot": [4, 22.9125, 0.5],
				"rotation": [10, 0, -60],
				"cubes": [
					{"origin": [3.73205, 23.73481, 0.17365], "size": [4, 1, 1], "uv": [50, 29]},
					{"origin": [3.73205, 21.38481, 0.17365], "size": [4, 4.35, 1], "uv": [69, 20], "inflate": -0.3}
				]
			},
			{
				"name": "bone82",
				"parent": "fashi",
				"pivot": [-1.5625, 6.28125, 1.8125],
				"rotation": [5, 0, 5],
				"cubes": [
					{"origin": [-6.75, 24.5, -0.5], "size": [1, 1.25, 5], "uv": [64, 64], "inflate": -0.3}
				]
			},
			{
				"name": "bone83",
				"parent": "bone82",
				"pivot": [-7.25, 22.25, 3.5],
				"rotation": [10, 0, 10],
				"cubes": [
					{"origin": [-7.75, 20.25, 3], "size": [1, 4, 1], "uv": [71, 30], "inflate": -0.2}
				]
			},
			{
				"name": "bone84",
				"parent": "bone82",
				"pivot": [-7.75, 22.25, 2],
				"rotation": [0, 0, 15],
				"cubes": [
					{"origin": [-8.25, 20.25, 1.5], "size": [1, 4, 1], "uv": [58, 71], "inflate": -0.2}
				]
			},
			{
				"name": "bone85",
				"parent": "bone82",
				"pivot": [-7.25, 22.25, 0.5],
				"rotation": [-5, 0, 10],
				"cubes": [
					{"origin": [-7.75, 20.25, 0], "size": [1, 4, 1], "uv": [54, 71], "inflate": -0.2}
				]
			},
			{
				"name": "bone86",
				"parent": "fashi",
				"pivot": [1.5625, 6.28125, 1.8125],
				"rotation": [5, 0, -5],
				"cubes": [
					{"origin": [5.75, 24.5, -0.5], "size": [1, 1.25, 5], "uv": [62, 20], "inflate": -0.3}
				]
			},
			{
				"name": "bone87",
				"parent": "bone86",
				"pivot": [7.25, 22.25, 3.5],
				"rotation": [10, 0, -10],
				"cubes": [
					{"origin": [6.75, 20.25, 3], "size": [1, 4, 1], "uv": [8, 71], "inflate": -0.2}
				]
			},
			{
				"name": "bone88",
				"parent": "bone86",
				"pivot": [7.75, 22.25, 2],
				"rotation": [0, 0, -15],
				"cubes": [
					{"origin": [7.25, 20.25, 1.5], "size": [1, 4, 1], "uv": [4, 71], "inflate": -0.2}
				]
			},
			{
				"name": "bone89",
				"parent": "bone86",
				"pivot": [7.25, 22.25, 0.5],
				"rotation": [-5, 0, -10],
				"cubes": [
					{"origin": [6.75, 20.25, 0], "size": [1, 4, 1], "uv": [64, 64], "inflate": -0.2}
				]
			},
			{
				"name": "bone90",
				"parent": "fashi",
				"pivot": [0, -4.25, -2.75],
				"cubes": [
					{"origin": [-1, 25.75, 4], "size": [2, 1, 1], "uv": [40, 41]}
				]
			},
			{
				"name": "bone91",
				"parent": "bone90",
				"pivot": [-2.35, 23.2875, 4.55],
				"rotation": [5, 0, 50],
				"cubes": [
					{"origin": [-5.1, 19.1, 4.05], "size": [4.5, 8.25, 1], "uv": [54, 62], "inflate": -0.2},
					{"origin": [-5.2, 19.85, 3.95], "size": [4.7, 1, 1.2], "uv": [44, 0], "inflate": -0.2}
				]
			},
			{
				"name": "bone92",
				"parent": "bone90",
				"pivot": [2.35, 23.2875, 4.55],
				"rotation": [5, 0, -50],
				"cubes": [
					{"origin": [0.6, 19.1, 4.05], "size": [4.5, 8.25, 1], "uv": [61, 29], "inflate": -0.2},
					{"origin": [0.5, 19.85, 3.95], "size": [4.7, 1, 1.2], "uv": [40, 39], "inflate": -0.2}
				]
			},
			{
				"name": "bone93",
				"parent": "bone90",
				"pivot": [0, 0, 0.25],
				"rotation": [5, 0, 0]
			},
			{
				"name": "bone94",
				"parent": "bone93",
				"pivot": [-0.025, 22, 7.125],
				"rotation": [15, 0, 0],
				"cubes": [
					{"origin": [-0.65, 19.69319, 6.55176], "size": [1.25, 5, 1.25], "uv": [4, 45]}
				]
			},
			{
				"name": "bone95",
				"parent": "bone93",
				"pivot": [-2.025, 22.5, 6.725],
				"rotation": [10, 0, 15],
				"cubes": [
					{"origin": [-2.65, 20, 6.1], "size": [1.25, 5, 1.25], "uv": [4, 32]}
				]
			},
			{
				"name": "bone96",
				"parent": "bone93",
				"pivot": [2.025, 22.5, 6.725],
				"rotation": [10, 0, -15],
				"cubes": [
					{"origin": [1.4, 20, 6.1], "size": [1.25, 5, 1.25], "uv": [23, 0]}
				]
			},
			{
				"name": "armRight",
				"pivot": [-2, 17.5, 0],
				"rotation": [0, 0, 25],
				"cubes": [
					{"origin": [-4.84524, 10.31262, -1], "size": [2, 8, 2], "uv": [66, 39]},
					{"origin": [-5.09524, 11.31262, -1.25], "size": [2.5, 5.5, 2.5], "uv": [0, 16]},
					{"origin": [-5.34524, 14.81262, -1.5], "size": [3, 1, 3], "uv": [67, 59]},
					{"origin": [-5.14524, 11.56262, -1.3], "size": [2.6, 1, 2.6], "uv": [83, 0]}
				]
			},
			{
				"name": "bone68",
				"parent": "armRight",
				"pivot": [-2, 17.5, 0]
			},
			{
				"name": "bone72",
				"parent": "bone68",
				"pivot": [-4.5707, 12.6209, 0.5],
				"rotation": [15, -5, 10],
				"cubes": [
					{"origin": [-6.21349, 13.67751, 0.5206], "size": [1, 1, 1], "uv": [50, 24]}
				]
			},
			{
				"name": "bone105",
				"parent": "bone68",
				"pivot": [-4.48007, 12.66316, -0.5],
				"rotation": [-15, 5, 10],
				"cubes": [
					{"origin": [-6.12286, 13.71977, -1.5206], "size": [1, 1, 1], "uv": [7, 50]}
				]
			},
			{
				"name": "bone99",
				"parent": "armRight",
				"pivot": [2.09622, 18.41706, -0.7]
			},
			{
				"name": "bone100",
				"parent": "bone99",
				"pivot": [-6.15424, 15.53611, 0.3],
				"rotation": [-5, 10, 10],
				"cubes": [
					{"origin": [-7.15424, 15.03611, 0.3], "size": [2, 1, 0], "uv": [11, 32]}
				]
			},
			{
				"name": "bone101",
				"parent": "bone99",
				"pivot": [-6.00938, 15.10714, -0.2],
				"rotation": [10, -10, -20],
				"cubes": [
					{"origin": [-7.00938, 14.60714, -0.2], "size": [2, 1, 0], "uv": [7, 32]}
				]
			},
			{
				"name": "armLeft",
				"pivot": [2, 17.5, 0],
				"rotation": [0, 0, -25],
				"cubes": [
					{"origin": [2.84524, 10.31262, -1], "size": [2, 8, 2], "uv": [40, 65]},
					{"origin": [2.59524, 11.31262, -1.25], "size": [2.5, 5.5, 2.5], "uv": [0, 0]},
					{"origin": [2.34524, 14.81262, -1.5], "size": [3, 1, 3], "uv": [0, 67]},
					{"origin": [2.54524, 11.56262, -1.3], "size": [2.6, 1, 2.6], "uv": [84, 4]}
				]
			},
			{
				"name": "bone73",
				"parent": "armLeft",
				"pivot": [2, 17.5, 0]
			},
			{
				"name": "bone74",
				"parent": "bone73",
				"pivot": [4.5707, 12.6209, 0.5],
				"rotation": [15, 5, -10],
				"cubes": [
					{"origin": [5.21349, 13.67751, 0.5206], "size": [1, 1, 1], "uv": [44, 49]}
				]
			},
			{
				"name": "bone75",
				"parent": "bone73",
				"pivot": [4.48007, 12.66316, -0.5],
				"rotation": [-15, -5, -10],
				"cubes": [
					{"origin": [5.12286, 13.71977, -1.5206], "size": [1, 1, 1], "uv": [35, 47]}
				]
			},
			{
				"name": "bone106",
				"parent": "armLeft",
				"pivot": [-2.09622, 18.41706, -0.7]
			},
			{
				"name": "bone107",
				"parent": "bone106",
				"pivot": [6.15424, 15.53611, 0.3],
				"rotation": [-5, -10, -10],
				"cubes": [
					{"origin": [5.15424, 15.03611, 0.3], "size": [2, 1, 0], "uv": [4, 23]}
				]
			},
			{
				"name": "bone108",
				"parent": "bone106",
				"pivot": [6.00938, 15.10714, -0.2],
				"rotation": [10, 10, 20],
				"cubes": [
					{"origin": [5.00938, 14.60714, -0.2], "size": [2, 1, 0], "uv": [0, 23]}
				]
			},
			{
				"name": "body",
				"pivot": [0, 10.5, 0],
				"cubes": [
					{"origin": [-3, 13.999, -3], "size": [6, 6, 6], "uv": [4, 33]},
					{"origin": [-3.15, 16, -3.149], "size": [6.3, 2, 6.298], "uv": [40, 41]},
					{"origin": [-3.5, 12, -3.5], "size": [7, 2, 7], "uv": [23, 0]},
					{"origin": [-3.25, 12.5, -3.25], "size": [6.5, 2, 6.5], "uv": [22, 39]}
				]
			},
			{
				"name": "clothes",
				"parent": "body",
				"pivot": [0, 10.5, 0]
			},
			{
				"name": "clothes2",
				"parent": "clothes",
				"pivot": [0, 10.5, 0]
			},
			{
				"name": "bone60",
				"parent": "clothes2",
				"pivot": [-1.625, 17.5, 0],
				"rotation": [0, 0, 15],
				"cubes": [
					{"origin": [-3.76764, 18.43185, -3.25], "size": [2.5, 2, 6.5], "uv": [54, 54]}
				]
			},
			{
				"name": "bone61",
				"parent": "bone60",
				"pivot": [-0.75, 18.5, -3],
				"rotation": [0, 0, -40],
				"cubes": [
					{"origin": [-1.65476, 17.81262, -3.249], "size": [1.75, 2.5, 6.498], "uv": [58, 43]},
					{"origin": [-1.40476, 17.81262, -3.252], "size": [1, 2.5, 6.504], "uv": [0, 97]}
				]
			},
			{
				"name": "bone62",
				"parent": "clothes2",
				"pivot": [1.625, 17.5, 0],
				"rotation": [0, 0, -15],
				"cubes": [
					{"origin": [1.26764, 18.43185, -3.25], "size": [2.5, 2, 6.5], "uv": [51, 33]}
				]
			},
			{
				"name": "bone63",
				"parent": "bone62",
				"pivot": [0.75, 18.5, -3],
				"rotation": [0, 0, 40],
				"cubes": [
					{"origin": [-0.09524, 17.81262, -3.249], "size": [1.75, 2.5, 6.498], "uv": [40, 57]},
					{"origin": [0.40476, 17.81262, -3.252], "size": [1, 2.5, 6.504], "uv": [0, 86], "mirror": true}
				]
			},
			{
				"name": "bone67",
				"parent": "clothes2",
				"pivot": [0, 16.5, 3.65],
				"rotation": [15, 0, 0],
				"cubes": [
					{"origin": [-2.75, 16.68185, 4.16764], "size": [5.5, 3.5, 0], "uv": [46, 21]}
				]
			},
			{
				"name": "clothes3",
				"parent": "clothes",
				"pivot": [0, 6.3342, 0.34397]
			},
			{
				"name": "bone59",
				"parent": "clothes3",
				"pivot": [0, 13.8342, -3.15603],
				"rotation": [-10, 15, -20],
				"cubes": [
					{"origin": [1.34986, 16.43966, -3.70169], "size": [2, 1, 0], "uv": [32, 24]}
				]
			},
			{
				"name": "bone64",
				"parent": "clothes3",
				"pivot": [0, 13.8342, -3.15603],
				"rotation": [-10, -15, 20],
				"cubes": [
					{"origin": [-3.34986, 16.43966, -3.70169], "size": [2, 1, 0], "uv": [15, 32]}
				]
			},
			{
				"name": "bone65",
				"parent": "clothes3",
				"pivot": [0, 12.8342, -3.15603],
				"rotation": [-10, 0, -20],
				"cubes": [
					{"origin": [1.16883, 14.30388, -4.2119], "size": [1, 3, 0], "uv": [22, 35]}
				]
			},
			{
				"name": "bone66",
				"parent": "clothes3",
				"pivot": [0, 12.8342, -3.15603],
				"rotation": [-10, 0, 20],
				"cubes": [
					{"origin": [-2.16883, 14.30388, -4.2119], "size": [1, 3, 0], "uv": [8, 33]}
				]
			},
			{
				"name": "clothes4",
				"parent": "clothes",
				"pivot": [-3.15, 16, -2],
				"rotation": [0, 0, 10],
				"cubes": [
					{"origin": [-3.4973, 15.96962, -3.15], "size": [3.45, 2, 6.3], "uv": [50, 21]}
				]
			},
			{
				"name": "clothes5",
				"parent": "clothes",
				"pivot": [3.15, 16, -2],
				"rotation": [0, 0, -10],
				"cubes": [
					{"origin": [0.0473, 15.96962, -3.15], "size": [3.45, 2, 6.3], "uv": [42, 49]}
				]
			},
			{
				"name": "bone69",
				"parent": "clothes",
				"pivot": [0, 9, 0],
				"cubes": [
					{"origin": [-1.35, 9.75, -3.75], "size": [2.7, 3.25, 7.5], "uv": [24, 47]},
					{"origin": [-1.35, 9.9, -4.05], "size": [2.7, 1, 8.1], "uv": [22, 83], "inflate": -0.25}
				]
			},
			{
				"name": "bone70",
				"parent": "bone69",
				"pivot": [-2.9, 7.95, 0],
				"rotation": [0, 0, 15],
				"cubes": [
					{"origin": [-5.18528, 10.0637, -3.8], "size": [3.25, 3.25, 7.6], "uv": [46, 2]}
				]
			},
			{
				"name": "bone71",
				"parent": "bone69",
				"pivot": [2.9, 7.95, 0],
				"rotation": [0, 0, -15],
				"cubes": [
					{"origin": [1.93528, 10.0637, -3.8], "size": [3.25, 3.25, 7.6], "uv": [4, 45]}
				]
			},
			{
				"name": "bone97",
				"parent": "clothes",
				"pivot": [-0.5, 17, -3.5],
				"rotation": [-20, 0, 20],
				"cubes": [
					{"origin": [-1, 16.5, -4], "size": [1, 1, 1], "uv": [17, 45]}
				]
			},
			{
				"name": "bone98",
				"parent": "clothes",
				"pivot": [0.5, 17, -3.5],
				"rotation": [-20, 0, -20],
				"cubes": [
					{"origin": [0, 16.5, -4], "size": [1, 1, 1], "uv": [26, 5]}
				]
			},
			{
				"name": "legLeft",
				"pivot": [2, 9, 0],
				"cubes": [
					{"origin": [0.499, 2, -1.5], "size": [3, 9, 3], "uv": [28, 57]},
					{"origin": [0.249, 1, -1.75], "size": [3.5, 1, 3.5], "uv": [66, 7]},
					{"origin": [0.499, 0, -1.5], "size": [3, 1, 1], "uv": [68, 26]},
					{"origin": [0.499, 0, 0.5], "size": [3, 1, 1], "uv": [58, 41]},
					{"origin": [0.449, 7, -1.55], "size": [3.1, 1, 3.1], "uv": [84, 13]}
				]
			},
			{
				"name": "legRight",
				"pivot": [-2, 9, 0],
				"cubes": [
					{"origin": [-3.499, 2, -1.5], "size": [3, 9, 3], "uv": [16, 57]},
					{"origin": [-3.751, 1, -1.75], "size": [3.5, 1, 3.5], "uv": [64, 55]},
					{"origin": [-3.551, 7, -1.55], "size": [3.1, 1, 3.1], "uv": [98, 2]},
					{"origin": [-3.501, 0, 0.5], "size": [3, 1, 1], "uv": [44, 5]},
					{"origin": [-3.501, 0, -1.5], "size": [3, 1, 1], "uv": [44, 5]}
				]
			},
			{
				"name": "bone",
				"pivot": [0, 17, 5.25],
				"rotation": [-5, 0, 40]
			},
			{
				"name": "bone2",
				"parent": "bone",
				"pivot": [-14.5, 4, 4.75],
				"cubes": [
					{"origin": [-1.14279, 1.76313, 4.68323], "size": [1, 31, 1], "uv": [0, 32]},
					{"origin": [-1.24279, 6.26313, 4.58323], "size": [1.2, 4, 1.2], "uv": [11, 75]},
					{"origin": [-1.24279, 29.26313, 4.58323], "size": [1.2, 1, 1.2], "uv": [54, 0]},
					{"origin": [-1.34279, 30.26313, 4.48323], "size": [1.4, 4, 1.4], "uv": [74, 39]},
					{"origin": [-1.14279, 30.26313, 4.13323], "size": [1, 7, 2.1], "uv": [48, 65], "inflate": -0.3},
					{"origin": [-4.34279, 32.41313, 4.58323], "size": [7.4, 1.35, 1.2], "uv": [24, 20], "inflate": -0.2},
					{"origin": [-3.84279, 32.51313, 4.33323], "size": [6.4, 1, 1.7], "uv": [24, 22], "inflate": -0.2}
				]
			},
			{
				"name": "bone3",
				"parent": "bone",
				"pivot": [-14.5, 3, 4.75]
			},
			{
				"name": "bone4",
				"parent": "bone3",
				"pivot": [-0.75, 29.75, 5.25],
				"rotation": [0, 0, -15],
				"cubes": [
					{"origin": [-1.41455, 29.11942, 4.68323], "size": [1.5, 4, 1], "uv": [47, 74], "inflate": -0.2}
				]
			},
			{
				"name": "bone5",
				"parent": "bone3",
				"pivot": [-5, 31.35, 4.85],
				"rotation": [0, 0, 15],
				"cubes": [
					{"origin": [-4.27722, 32.68669, 4.58323], "size": [3.3, 1.25, 1.2], "uv": [70, 37], "inflate": -0.2}
				]
			},
			{
				"name": "bone6",
				"parent": "bone",
				"pivot": [14.5, 3, 4.75]
			},
			{
				"name": "bone7",
				"parent": "bone6",
				"pivot": [0.75, 29.75, 5.25],
				"rotation": [0, 0, 15],
				"cubes": [
					{"origin": [-1.32722, 28.78669, 4.68323], "size": [1.5, 4, 1], "uv": [73, 48], "inflate": -0.2}
				]
			},
			{
				"name": "bone8",
				"parent": "bone6",
				"pivot": [5, 31.35, 4.85],
				"rotation": [0, 0, -15],
				"cubes": [
					{"origin": [-0.26455, 33.01942, 4.58323], "size": [3.3, 1.25, 1.2], "uv": [70, 28], "inflate": -0.2}
				]
			},
			{
				"name": "bone9",
				"parent": "bone",
				"pivot": [-14.5, 1, 4.75],
				"cubes": [
					{"origin": [-1.14279, 30.76313, 4.68323], "size": [1, 7, 1], "uv": [32, 69]},
					{"origin": [-1.14279, 37.66313, 4.68323], "size": [1, 3, 1], "uv": [7, 79], "inflate": -0.1},
					{"origin": [-1.14279, 40.36313, 4.68223], "size": [1, 2, 1.002], "uv": [26, 47], "inflate": -0.2},
					{"origin": [-1.14279, 41.86313, 4.68323], "size": [1, 1, 1], "uv": [42, 53], "inflate": -0.3},
					{"origin": [-1.49279, 33.76313, 4.68323], "size": [1.7, 4.5, 1], "uv": [71, 63], "inflate": -0.2}
				]
			},
			{
				"name": "bone10",
				"parent": "bone9",
				"pivot": [-0.5, 34.5, 5.25],
				"rotation": [0, 0, 5],
				"cubes": [
					{"origin": [-1.79401, 37.7004, 4.68323], "size": [1, 4.4, 1], "uv": [73, 11], "inflate": -0.2}
				]
			},
			{
				"name": "bone11",
				"parent": "bone9",
				"pivot": [0.5, 34.5, 5.25],
				"rotation": [0, 0, -5],
				"cubes": [
					{"origin": [-0.48667, 37.81244, 4.68323], "size": [1, 4.4, 1], "uv": [73, 73], "inflate": -0.2}
				]
			},
			{
				"name": "bone13",
				"parent": "bone",
				"pivot": [-14.5, 4.5, 4.75]
			},
			{
				"name": "bone12",
				"parent": "bone13",
				"pivot": [0, 22.1, 5.25],
				"rotation": [0, 0, 10],
				"cubes": [
					{"origin": [-5.10963, 20.88002, 5.18323], "size": [1.25, 8, 0], "uv": [2, 71]}
				]
			},
			{
				"name": "bone14",
				"parent": "bone13",
				"pivot": [0, 22.1, 5.25],
				"rotation": [0, 0, -10],
				"cubes": [
					{"origin": [2.59359, 21.10325, 5.18323], "size": [1.25, 8, 0], "uv": [0, 71]}
				]
			},
			{
				"name": "bone15",
				"parent": "bone13",
				"pivot": [-3.15, 22.6, 3.25],
				"rotation": [-10, 0, 0],
				"cubes": [
					{"origin": [-0.62234, 21.48004, 1.87808], "size": [0, 8, 1], "uv": [38, 68]}
				]
			},
			{
				"name": "bone16",
				"parent": "bone13",
				"pivot": [-3.15, 22.6, 7.25],
				"rotation": [10, 0, 0],
				"cubes": [
					{"origin": [-0.62234, 21.50323, 7.49041], "size": [0, 8, 1], "uv": [36, 68]}
				]
			}
		]
	}
}