{
	"format_version": "1.10.0",
	"geometry.model": {
		"texturewidth": 128,
		"textureheight": 128,
		"visible_bounds_width": 4,
		"visible_bounds_height": 4.5,
		"visible_bounds_offset": [0, 0.75, 0],
		"bones": [
			{
				"name": "head",
				"pivot": [0, 18, 0]
			},
			{
				"name": "head2",
				"parent": "head",
				"pivot": [0, 18, 0],
				"cubes": [
					{"origin": [-3.5, 18, -3.5], "size": [7, 7, 7], "uv": [0, 0]},
					{"origin": [-4, 18.5, -3], "size": [8, 6, 6], "uv": [0, 14]},
					{"origin": [-3, 18.5, -3], "size": [6, 6, 7], "uv": [21, 21]},
					{"origin": [-3, 19, -3], "size": [6, 6.5, 6], "uv": [22, 8]}
				]
			},
			{
				"name": "blink",
				"parent": "head",
				"pivot": [0, 18, 0],
				"cubes": [
					{"origin": [-3.5, 18, -3.501], "size": [7, 7, 0], "uv": [46, 8]}
				]
			},
			{
				"name": "hat",
				"parent": "head",
				"pivot": [0, 14, 0]
			},
			{
				"name": "hat1",
				"parent": "hat",
				"pivot": [0, 26, 13.75],
				"rotation": [90, 0, 0]
			},
			{
				"name": "bone111",
				"parent": "hat1",
				"pivot": [0, 33.2, 2.55]
			},
			{
				"name": "bone112",
				"parent": "bone111",
				"pivot": [-1, 33.2, 3.55],
				"rotation": [0, 0, 22.5]
			},
			{
				"name": "bone130",
				"parent": "bone112",
				"pivot": [-1.5, 33.2, 2.55],
				"rotation": [-15, 0, 0],
				"cubes": [
					{"origin": [-3.0688, 37.9897, 12.40771], "size": [1, 1, 4], "uv": [90, 2]}
				]
			},
			{
				"name": "bone131",
				"parent": "bone130",
				"pivot": [-1, 33.2, 2.55],
				"rotation": [0, 3, 0],
				"cubes": [
					{"origin": [-3.21689, 37.9897, 12.34786], "size": [1, 1, 4], "uv": [90, 2]}
				]
			},
			{
				"name": "bone132",
				"parent": "bone130",
				"pivot": [-2, 33.2, 2.55],
				"rotation": [0, -3, 0],
				"cubes": [
					{"origin": [-2.91777, 37.9897, 12.45973], "size": [1, 1, 4], "uv": [90, 2]}
				]
			},
			{
				"name": "bone113",
				"parent": "bone112",
				"pivot": [-2, 33.2, 3.55],
				"rotation": [0, 0, 22.5]
			},
			{
				"name": "bone133",
				"parent": "bone113",
				"pivot": [-2.5, 33.2, 2.55],
				"rotation": [-15, 0, 0],
				"cubes": [
					{"origin": [-5.47487, 37.30883, 12.59015], "size": [1, 1, 4], "uv": [90, 2]}
				]
			},
			{
				"name": "bone134",
				"parent": "bone133",
				"pivot": [-3, 33.2, 2.55],
				"rotation": [0, -3, 0],
				"cubes": [
					{"origin": [-5.31237, 37.30883, 12.71551], "size": [1, 1, 4], "uv": [90, 2]}
				]
			},
			{
				"name": "bone135",
				"parent": "bone133",
				"pivot": [-2, 33.2, 2.55],
				"rotation": [0, 3, 0],
				"cubes": [
					{"origin": [-5.63059, 37.30883, 12.45646], "size": [1, 1, 4], "uv": [90, 2]}
				]
			},
			{
				"name": "bone114",
				"parent": "bone113",
				"pivot": [-3, 33.2, 3.55],
				"rotation": [0, 0, 22.5]
			},
			{
				"name": "bone136",
				"parent": "bone114",
				"pivot": [-3.5, 33.2, 2.55],
				"rotation": [-15, 0, 0],
				"cubes": [
					{"origin": [-7.50418, 36.16005, 12.89796], "size": [1, 1, 4], "uv": [90, 2]}
				]
			},
			{
				"name": "bone137",
				"parent": "bone136",
				"pivot": [-4, 33.2, 2.55],
				"rotation": [0, -3, 0],
				"cubes": [
					{"origin": [-7.32416, 36.16005, 13.07677], "size": [1, 1, 4], "uv": [90, 2]}
				]
			},
			{
				"name": "bone138",
				"parent": "bone136",
				"pivot": [-3, 33.2, 2.55],
				"rotation": [0, 3, 0],
				"cubes": [
					{"origin": [-7.67459, 36.16005, 12.70998], "size": [1, 1, 4], "uv": [90, 2]}
				]
			},
			{
				"name": "bone115",
				"parent": "bone114",
				"pivot": [-4, 33.2, 3.55],
				"rotation": [0, 0, 22.5]
			},
			{
				"name": "bone139",
				"parent": "bone115",
				"pivot": [-4.5, 33.2, 2.55],
				"rotation": [-15, 0, 0],
				"cubes": [
					{"origin": [-9, 34.71824, 13.28429], "size": [1, 1, 4], "uv": [90, 2]}
				]
			},
			{
				"name": "bone140",
				"parent": "bone139",
				"pivot": [-5, 33.2, 2.55],
				"rotation": [0, -3, 0],
				"cubes": [
					{"origin": [-8.79908, 34.71824, 13.48852], "size": [1, 1, 4], "uv": [90, 2]}
				]
			},
			{
				"name": "bone141",
				"parent": "bone139",
				"pivot": [-4, 33.2, 2.55],
				"rotation": [0, 3, 0],
				"cubes": [
					{"origin": [-9.18996, 34.71824, 13.06983], "size": [1, 1, 4], "uv": [90, 2]}
				]
			},
			{
				"name": "bone116",
				"parent": "bone115",
				"pivot": [-5, 33.2, 3.55],
				"rotation": [0, 0, 22.5]
			},
			{
				"name": "bone142",
				"parent": "bone116",
				"pivot": [-5.5, 33.2, 2.55],
				"rotation": [-15, 0, 0],
				"cubes": [
					{"origin": [-9.88686, 33.2029, 13.69033], "size": [1, 1, 4], "uv": [90, 2]}
				]
			},
			{
				"name": "bone143",
				"parent": "bone142",
				"pivot": [-6, 33.2, 2.55],
				"rotation": [0, -3, 0],
				"cubes": [
					{"origin": [-9.66485, 33.2029, 13.88808], "size": [1, 1, 4], "uv": [90, 2]}
				]
			},
			{
				"name": "bone144",
				"parent": "bone142",
				"pivot": [-5, 33.2, 2.55],
				"rotation": [0, 3, 0],
				"cubes": [
					{"origin": [-10.09823, 33.2029, 13.48123], "size": [1, 1, 4], "uv": [90, 2]}
				]
			},
			{
				"name": "bone117",
				"parent": "bone116",
				"pivot": [-6, 33.2, 3.55],
				"rotation": [0, 0, 22.5]
			},
			{
				"name": "bone145",
				"parent": "bone117",
				"pivot": [-6.5, 33.2, 2.55],
				"rotation": [-15, 0, 0],
				"cubes": [
					{"origin": [-10.18198, 31.84474, 14.05424], "size": [1, 1, 4], "uv": [90, 2]}
				]
			},
			{
				"name": "bone146",
				"parent": "bone145",
				"pivot": [-7, 33.2, 2.55],
				"rotation": [0, -3, 0],
				"cubes": [
					{"origin": [-9.94189, 31.84474, 14.2146], "size": [1, 1, 4], "uv": [90, 2]}
				]
			},
			{
				"name": "bone147",
				"parent": "bone145",
				"pivot": [-6, 33.2, 2.55],
				"rotation": [0, 3, 0],
				"cubes": [
					{"origin": [-10.41335, 31.84474, 13.88154], "size": [1, 1, 4], "uv": [90, 2]}
				]
			},
			{
				"name": "bone118",
				"parent": "bone117",
				"pivot": [-7, 33.2, 3.55],
				"rotation": [0, 0, 22.5]
			},
			{
				"name": "bone148",
				"parent": "bone118",
				"pivot": [-7.5, 33.2, 2.55],
				"rotation": [-15, 0, 0],
				"cubes": [
					{"origin": [-9.99268, 30.8505, 14.32065], "size": [1, 1, 4], "uv": [90, 2]}
				]
			},
			{
				"name": "bone149",
				"parent": "bone148",
				"pivot": [-8, 33.2, 2.55],
				"rotation": [0, -3, 0],
				"cubes": [
					{"origin": [-9.74026, 30.8505, 14.4184], "size": [1, 1, 4], "uv": [90, 2]}
				]
			},
			{
				"name": "bone150",
				"parent": "bone148",
				"pivot": [-7, 33.2, 2.55],
				"rotation": [0, 3, 0],
				"cubes": [
					{"origin": [-10.23962, 30.8505, 14.20983], "size": [1, 1, 4], "uv": [90, 2]}
				]
			},
			{
				"name": "bone127",
				"parent": "bone111",
				"pivot": [0, 33.2, 2.55],
				"rotation": [-15, 0, 0],
				"cubes": [
					{"origin": [-0.5, 38.09898, 12.37842], "size": [1, 1, 4], "uv": [90, 2]}
				]
			},
			{
				"name": "bone128",
				"parent": "bone127",
				"pivot": [0, 33.2, 2.55],
				"rotation": [0, 3, 0],
				"cubes": [
					{"origin": [-0.64871, 38.09898, 12.40072], "size": [1, 1, 4], "uv": [90, 2]}
				]
			},
			{
				"name": "bone129",
				"parent": "bone127",
				"pivot": [-1, 33.2, 2.55],
				"rotation": [0, -3, 0],
				"cubes": [
					{"origin": [-0.35266, 38.09898, 12.34838], "size": [1, 1, 4], "uv": [90, 2]}
				]
			},
			{
				"name": "bone119",
				"parent": "hat1",
				"pivot": [-1, 38.25, 2.55]
			},
			{
				"name": "bone120",
				"parent": "bone119",
				"pivot": [0, 38.25, 3.55],
				"rotation": [0, 0, 22.5]
			},
			{
				"name": "bone121",
				"parent": "bone120",
				"pivot": [0.5, 38.25, 2.55],
				"rotation": [15, 0, 0],
				"cubes": [
					{"origin": [-1.0688, 39.94715, 14.4197], "size": [1, 1, 4], "uv": [90, 2]}
				]
			},
			{
				"name": "bone122",
				"parent": "bone121",
				"pivot": [0, 38.25, 2.55],
				"rotation": [0, -3, 0],
				"cubes": [
					{"origin": [-0.81247, 39.94715, 14.46896], "size": [1, 1, 4], "uv": [90, 2]}
				]
			},
			{
				"name": "bone123",
				"parent": "bone121",
				"pivot": [1, 38.25, 2.55],
				"rotation": [0, 3, 0],
				"cubes": [
					{"origin": [-1.32219, 39.94715, 14.35709], "size": [1, 1, 4], "uv": [90, 2]}
				]
			},
			{
				"name": "bone124",
				"parent": "bone120",
				"pivot": [1, 38.25, 3.55],
				"rotation": [0, 0, 22.5]
			},
			{
				"name": "bone125",
				"parent": "bone124",
				"pivot": [1.5, 38.25, 2.55],
				"rotation": [15, 0, 0],
				"cubes": [
					{"origin": [-1.47487, 39.26628, 14.23726], "size": [1, 1, 4], "uv": [90, 2]}
				]
			},
			{
				"name": "bone126",
				"parent": "bone125",
				"pivot": [2, 38.25, 2.55],
				"rotation": [0, 3, 0],
				"cubes": [
					{"origin": [-1.71679, 39.26628, 14.10131], "size": [1, 1, 4], "uv": [90, 2]}
				]
			},
			{
				"name": "bone151",
				"parent": "bone125",
				"pivot": [1, 38.25, 2.55],
				"rotation": [0, -3, 0],
				"cubes": [
					{"origin": [-1.22617, 39.26628, 14.36036], "size": [1, 1, 4], "uv": [90, 2]}
				]
			},
			{
				"name": "bone152",
				"parent": "bone124",
				"pivot": [2, 38.25, 3.55],
				"rotation": [0, 0, 22.5]
			},
			{
				"name": "bone153",
				"parent": "bone152",
				"pivot": [2.5, 38.25, 2.55],
				"rotation": [15, 0, 0],
				"cubes": [
					{"origin": [-1.50418, 38.1175, 13.92945], "size": [1, 1, 4], "uv": [90, 2]}
				]
			},
			{
				"name": "bone154",
				"parent": "bone153",
				"pivot": [3, 38.25, 2.55],
				"rotation": [0, 3, 0],
				"cubes": [
					{"origin": [-1.72858, 38.1175, 13.74005], "size": [1, 1, 4], "uv": [90, 2]}
				]
			},
			{
				"name": "bone155",
				"parent": "bone153",
				"pivot": [2, 38.25, 2.55],
				"rotation": [0, -3, 0],
				"cubes": [
					{"origin": [-1.27017, 38.1175, 14.10684], "size": [1, 1, 4], "uv": [90, 2]}
				]
			},
			{
				"name": "bone156",
				"parent": "bone152",
				"pivot": [3, 38.25, 3.55],
				"rotation": [0, 0, 22.5]
			},
			{
				"name": "bone157",
				"parent": "bone156",
				"pivot": [3.5, 38.25, 2.55],
				"rotation": [15, 0, 0],
				"cubes": [
					{"origin": [-1, 36.67569, 13.54311], "size": [1, 1, 4], "uv": [90, 2]}
				]
			},
			{
				"name": "bone158",
				"parent": "bone157",
				"pivot": [4, 38.25, 2.55],
				"rotation": [0, 3, 0],
				"cubes": [
					{"origin": [-1.2035, 36.67569, 13.3283], "size": [1, 1, 4], "uv": [90, 2]}
				]
			},
			{
				"name": "bone159",
				"parent": "bone157",
				"pivot": [3, 38.25, 2.55],
				"rotation": [0, -3, 0],
				"cubes": [
					{"origin": [-0.78554, 36.67569, 13.74698], "size": [1, 1, 4], "uv": [90, 2]}
				]
			},
			{
				"name": "bone160",
				"parent": "bone156",
				"pivot": [4, 38.25, 3.55],
				"rotation": [0, 0, 22.5]
			},
			{
				"name": "bone161",
				"parent": "bone160",
				"pivot": [4.5, 38.25, 2.55],
				"rotation": [15, 0, 0],
				"cubes": [
					{"origin": [0.11314, 35.16035, 13.13708], "size": [1, 1, 4], "uv": [90, 2]}
				]
			},
			{
				"name": "bone162",
				"parent": "bone161",
				"pivot": [5, 38.25, 2.55],
				"rotation": [0, 3, 0],
				"cubes": [
					{"origin": [-0.06927, 35.16035, 12.92874], "size": [1, 1, 4], "uv": [90, 2]}
				]
			},
			{
				"name": "bone163",
				"parent": "bone161",
				"pivot": [4, 38.25, 2.55],
				"rotation": [0, -3, 0],
				"cubes": [
					{"origin": [0.3062, 35.16035, 13.33559], "size": [1, 1, 4], "uv": [90, 2]}
				]
			},
			{
				"name": "bone164",
				"parent": "bone160",
				"pivot": [5, 38.25, 3.55],
				"rotation": [0, 0, 22.5]
			},
			{
				"name": "bone165",
				"parent": "bone164",
				"pivot": [5.5, 38.25, 2.55],
				"rotation": [15, 0, 0],
				"cubes": [
					{"origin": [1.81802, 33.80218, 12.77316], "size": [1, 1, 4], "uv": [90, 2]}
				]
			},
			{
				"name": "bone166",
				"parent": "bone165",
				"pivot": [6, 38.25, 2.55],
				"rotation": [0, 3, 0],
				"cubes": [
					{"origin": [1.65369, 33.80218, 12.60221], "size": [1, 1, 4], "uv": [90, 2]}
				]
			},
			{
				"name": "bone167",
				"parent": "bone165",
				"pivot": [5, 38.25, 2.55],
				"rotation": [0, -3, 0],
				"cubes": [
					{"origin": [1.99107, 33.80218, 12.93528], "size": [1, 1, 4], "uv": [90, 2]}
				]
			},
			{
				"name": "bone168",
				"parent": "bone164",
				"pivot": [6, 38.25, 3.55],
				"rotation": [0, 0, 22.5]
			},
			{
				"name": "bone169",
				"parent": "bone168",
				"pivot": [6.5, 38.25, 2.55],
				"rotation": [15, 0, 0],
				"cubes": [
					{"origin": [4.00732, 32.80794, 12.50675], "size": [1, 1, 4], "uv": [90, 2]}
				]
			},
			{
				"name": "bone170",
				"parent": "bone169",
				"pivot": [7, 38.25, 2.55],
				"rotation": [0, 3, 0],
				"cubes": [
					{"origin": [3.85532, 32.80794, 12.39842], "size": [1, 1, 4], "uv": [90, 2]}
				]
			},
			{
				"name": "bone171",
				"parent": "bone169",
				"pivot": [6, 38.25, 2.55],
				"rotation": [0, -3, 0],
				"cubes": [
					{"origin": [4.1648, 32.80794, 12.60699], "size": [1, 1, 4], "uv": [90, 2]}
				]
			},
			{
				"name": "bone172",
				"parent": "bone119",
				"pivot": [-1, 38.25, 2.55],
				"rotation": [15, 0, 0],
				"cubes": [
					{"origin": [-0.5, 40.05643, 14.44898], "size": [1, 1, 4], "uv": [90, 2]}
				]
			},
			{
				"name": "bone173",
				"parent": "bone172",
				"pivot": [-1, 38.25, 2.55],
				"rotation": [0, -3, 0],
				"cubes": [
					{"origin": [-0.24429, 40.05643, 14.4161], "size": [1, 1, 4], "uv": [90, 2]}
				]
			},
			{
				"name": "bone174",
				"parent": "bone172",
				"pivot": [0, 38.25, 2.55],
				"rotation": [0, 3, 0],
				"cubes": [
					{"origin": [-0.75708, 40.05643, 14.46843], "size": [1, 1, 4], "uv": [90, 2]}
				]
			},
			{
				"name": "hat2",
				"parent": "hat",
				"pivot": [0, 14, 0],
				"cubes": [
					{"origin": [-1, 29.25, -5.25], "size": [2, 0.5, 10.5], "uv": [86, 17]}
				]
			},
			{
				"name": "bone",
				"parent": "hat2",
				"pivot": [0, 14, 0],
				"rotation": [0, -22.5, 0],
				"cubes": [
					{"origin": [-1, 29.25, -5.25], "size": [2, 0.5, 10.5], "uv": [86, 17]}
				]
			},
			{
				"name": "bone2",
				"parent": "bone",
				"pivot": [0, 14, 0],
				"rotation": [0, -22.5, 0],
				"cubes": [
					{"origin": [-1, 29.25, -5.25], "size": [2, 0.5, 10.5], "uv": [86, 17]}
				]
			},
			{
				"name": "bone3",
				"parent": "bone2",
				"pivot": [0, 14, 0],
				"rotation": [0, -22.5, 0],
				"cubes": [
					{"origin": [-1, 29.25, -5.25], "size": [2, 0.5, 10.5], "uv": [86, 17]}
				]
			},
			{
				"name": "bone4",
				"parent": "bone3",
				"pivot": [0, 14, 0],
				"rotation": [0, -22.5, 0],
				"cubes": [
					{"origin": [-1, 29.25, -5.25], "size": [2, 0.5, 10.5], "uv": [86, 17]}
				]
			},
			{
				"name": "bone5",
				"parent": "bone4",
				"pivot": [0, 14, 0],
				"rotation": [0, -22.5, 0],
				"cubes": [
					{"origin": [-1, 29.25, -5.25], "size": [2, 0.5, 10.5], "uv": [86, 17]}
				]
			},
			{
				"name": "bone6",
				"parent": "bone5",
				"pivot": [0, 14, 0],
				"rotation": [0, -22.5, 0],
				"cubes": [
					{"origin": [-1, 29.25, -5.25], "size": [2, 0.5, 10.5], "uv": [86, 17]}
				]
			},
			{
				"name": "bone7",
				"parent": "bone6",
				"pivot": [0, 14, 0],
				"rotation": [0, -22.5, 0],
				"cubes": [
					{"origin": [-1, 29.25, -5.25], "size": [2, 0.5, 10.5], "uv": [86, 17]}
				]
			},
			{
				"name": "hat3",
				"parent": "hat",
				"pivot": [0, 10, 0],
				"cubes": [
					{"origin": [-1.15, 25.25, -5.75], "size": [2.3, 0.5, 11.5], "uv": [86, 16]}
				]
			},
			{
				"name": "bone8",
				"parent": "hat3",
				"pivot": [0, 24.75, 0],
				"rotation": [0, -22.5, 0],
				"cubes": [
					{"origin": [-1.15, 25.25, -5.75], "size": [2.3, 0.5, 11.5], "uv": [86, 16]}
				]
			},
			{
				"name": "bone9",
				"parent": "bone8",
				"pivot": [0, 24.75, 0],
				"rotation": [0, -22.5, 0],
				"cubes": [
					{"origin": [-1.15, 25.25, -5.75], "size": [2.3, 0.5, 11.5], "uv": [86, 16]}
				]
			},
			{
				"name": "bone10",
				"parent": "bone9",
				"pivot": [0, 24.75, 0],
				"rotation": [0, -22.5, 0],
				"cubes": [
					{"origin": [-1.15, 25.25, -5.75], "size": [2.3, 0.5, 11.5], "uv": [86, 16]}
				]
			},
			{
				"name": "bone11",
				"parent": "bone10",
				"pivot": [0, 24.75, 0],
				"rotation": [0, -22.5, 0],
				"cubes": [
					{"origin": [-1.15, 25.25, -5.75], "size": [2.3, 0.5, 11.5], "uv": [86, 16]}
				]
			},
			{
				"name": "bone12",
				"parent": "bone11",
				"pivot": [0, 24.75, 0],
				"rotation": [0, -22.5, 0],
				"cubes": [
					{"origin": [-1.15, 25.25, -5.75], "size": [2.3, 0.5, 11.5], "uv": [86, 16]}
				]
			},
			{
				"name": "bone13",
				"parent": "bone12",
				"pivot": [0, 24.75, 0],
				"rotation": [0, -22.5, 0],
				"cubes": [
					{"origin": [-1.15, 25.25, -5.75], "size": [2.3, 0.5, 11.5], "uv": [86, 16]}
				]
			},
			{
				"name": "bone14",
				"parent": "bone13",
				"pivot": [0, 24.75, 0],
				"rotation": [0, -22.5, 0],
				"cubes": [
					{"origin": [-1.15, 25.25, -5.75], "size": [2.3, 0.5, 11.5], "uv": [86, 16]}
				]
			},
			{
				"name": "hat4",
				"parent": "hat",
				"pivot": [0, 26, -4.25],
				"rotation": [15, 0, 0],
				"cubes": [
					{"origin": [-0.75, 25.75, -4.749], "size": [1.5, 4.25, 0], "uv": [109, 4]}
				]
			},
			{
				"name": "bone15",
				"parent": "hat4",
				"pivot": [-0.75, 27.5, -4.5],
				"rotation": [0, 0, -10],
				"cubes": [
					{"origin": [-1.5, 25.75, -4.75], "size": [1.5, 4.25, 0.5], "uv": [109, 4]}
				]
			},
			{
				"name": "bone16",
				"parent": "bone15",
				"pivot": [-1.5, 30, -4.5],
				"rotation": [0, 0, -35],
				"cubes": [
					{"origin": [-1.5, 28.5, -4.75], "size": [2.7, 1.5, 0.5], "uv": [109, 4]}
				]
			},
			{
				"name": "bone17",
				"parent": "hat4",
				"pivot": [0.75, 27.5, -4.5],
				"rotation": [0, 0, 10],
				"cubes": [
					{"origin": [0, 25.75, -4.75], "size": [1.5, 4.25, 0.5], "uv": [109, 4], "mirror": true}
				]
			},
			{
				"name": "bone18",
				"parent": "bone17",
				"pivot": [1.5, 30, -4.5],
				"rotation": [0, 0, 35],
				"cubes": [
					{"origin": [-1.2, 28.5, -4.75], "size": [2.7, 1.5, 0.5], "uv": [109, 4], "mirror": true}
				]
			},
			{
				"name": "bone19",
				"parent": "hat4",
				"pivot": [-0.25, 12.75, 0.75],
				"cubes": [
					{"origin": [-0.5, 29.75, -4.751], "size": [0.5, 0.75, 0], "uv": [95, 5]}
				]
			},
			{
				"name": "bone20",
				"parent": "bone19",
				"pivot": [-0.5, 29.75, -4.751],
				"rotation": [0, 0, -70],
				"cubes": [
					{"origin": [-0.5, 29, -4.751], "size": [0.5, 0.75, 0], "uv": [95, 5]}
				]
			},
			{
				"name": "bone21",
				"parent": "bone20",
				"pivot": [0, 29, -4.751],
				"rotation": [0, 0, 35],
				"cubes": [
					{"origin": [-0.5, 28.25, -4.751], "size": [0.5, 0.75, 0], "uv": [95, 5]}
				]
			},
			{
				"name": "bone22",
				"parent": "bone21",
				"pivot": [0, 28.25, -4.751],
				"rotation": [0, 0, 35],
				"cubes": [
					{"origin": [-0.5, 27.5, -4.751], "size": [0.5, 0.75, 0], "uv": [95, 5]}
				]
			},
			{
				"name": "bone23",
				"parent": "bone22",
				"pivot": [0, 27.5, -4.751],
				"rotation": [0, 0, 35],
				"cubes": [
					{"origin": [-0.5, 26.75, -4.751], "size": [0.5, 0.75, 0], "uv": [95, 5]}
				]
			},
			{
				"name": "bone24",
				"parent": "bone23",
				"pivot": [-0.5, 26.75, -4.751],
				"rotation": [0, 0, -10],
				"cubes": [
					{"origin": [-0.5, 26, -4.751], "size": [0.5, 0.75, 0], "uv": [95, 5]}
				]
			},
			{
				"name": "bone25",
				"parent": "bone24",
				"pivot": [-0.5, 26, -4.751],
				"rotation": [0, 0, -25],
				"cubes": [
					{"origin": [-0.5, 24.75, -4.751], "size": [0.5, 1.25, 0], "uv": [95, 5]}
				]
			},
			{
				"name": "bone29",
				"parent": "bone25",
				"pivot": [0, 26, -4.751],
				"rotation": [0, 0, -25],
				"cubes": [
					{"origin": [-0.5, 26, -4.751], "size": [0.5, 0.75, 0], "uv": [95, 5]}
				]
			},
			{
				"name": "bone30",
				"parent": "bone29",
				"pivot": [0, 26.75, -4.751],
				"rotation": [0, 0, -20],
				"cubes": [
					{"origin": [-0.5, 26.75, -4.751], "size": [0.5, 0.5, 0], "uv": [95, 5]}
				]
			},
			{
				"name": "bone31",
				"parent": "bone30",
				"pivot": [-0.5, 27.25, -4.75],
				"rotation": [0, 0, 30],
				"cubes": [
					{"origin": [-0.5, 27.25, -4.751], "size": [0.5, 0.5, 0], "uv": [95, 5]}
				]
			},
			{
				"name": "bone32",
				"parent": "bone31",
				"pivot": [-0.5, 27.75, -4.75],
				"rotation": [0, 0, 35],
				"cubes": [
					{"origin": [-0.5, 27.75, -4.751], "size": [0.5, 0.5, 0], "uv": [95, 5]}
				]
			},
			{
				"name": "bone33",
				"parent": "bone32",
				"pivot": [-0.5, 28.25, -4.75],
				"rotation": [0, 0, 45],
				"cubes": [
					{"origin": [-0.5, 28.25, -4.751], "size": [0.5, 0.5, 0], "uv": [95, 5]}
				]
			},
			{
				"name": "bone26",
				"parent": "bone24",
				"pivot": [-0.5, 26, -4.751],
				"rotation": [0, 0, 40],
				"cubes": [
					{"origin": [-0.5, 26, -4.751], "size": [0.5, 1, 0], "uv": [95, 5]}
				]
			},
			{
				"name": "bone27",
				"parent": "bone26",
				"pivot": [0, 27, -4.751],
				"rotation": [0, 0, -20],
				"cubes": [
					{"origin": [-0.5, 27, -4.751], "size": [0.5, 0.75, 0], "uv": [95, 5]}
				]
			},
			{
				"name": "bone28",
				"parent": "bone19",
				"pivot": [-0.5, 30.5, -4.751],
				"rotation": [0, 0, 30],
				"cubes": [
					{"origin": [-0.5, 30.5, -4.751], "size": [0.5, 0.5, 0], "uv": [95, 5]}
				]
			},
			{
				"name": "hat5",
				"parent": "hat",
				"pivot": [-5.25, 13.25, -1],
				"rotation": [0, 0, 5]
			},
			{
				"name": "bone34",
				"parent": "hat5",
				"pivot": [4, 30.25, -2],
				"rotation": [15, 0, 105]
			},
			{
				"name": "bone35",
				"parent": "bone34",
				"pivot": [4, 30.25, -2],
				"rotation": [0, 10, 0],
				"cubes": [
					{"origin": [2, 30.25, -2.5], "size": [2, 0, 1], "uv": [121, 11], "inflate": 0.001}
				]
			},
			{
				"name": "bone36",
				"parent": "bone34",
				"pivot": [4, 30.25, -2],
				"rotation": [0, -10, 0],
				"cubes": [
					{"origin": [2, 30.25, -2.5], "size": [2, 0, 1], "uv": [121, 11], "inflate": 0.001}
				]
			},
			{
				"name": "bone37",
				"parent": "bone34",
				"pivot": [4, 30.25, -2],
				"rotation": [0, -72, 0]
			},
			{
				"name": "bone38",
				"parent": "bone37",
				"pivot": [4, 30.25, -2],
				"rotation": [0, 10, 0],
				"cubes": [
					{"origin": [2, 30.25, -2.5], "size": [2, 0, 1], "uv": [121, 11], "inflate": 0.001}
				]
			},
			{
				"name": "bone39",
				"parent": "bone37",
				"pivot": [4, 30.25, -2],
				"rotation": [0, -10, 0],
				"cubes": [
					{"origin": [2, 30.25, -2.5], "size": [2, 0, 1], "uv": [121, 11], "inflate": 0.001}
				]
			},
			{
				"name": "bone40",
				"parent": "bone37",
				"pivot": [4, 30.25, -2],
				"rotation": [0, -72, 0]
			},
			{
				"name": "bone41",
				"parent": "bone40",
				"pivot": [4, 30.25, -2],
				"rotation": [0, 10, 0],
				"cubes": [
					{"origin": [2, 30.25, -2.5], "size": [2, 0, 1], "uv": [121, 11], "inflate": 0.001}
				]
			},
			{
				"name": "bone42",
				"parent": "bone40",
				"pivot": [4, 30.25, -2],
				"rotation": [0, -10, 0],
				"cubes": [
					{"origin": [2, 30.25, -2.5], "size": [2, 0, 1], "uv": [121, 11], "inflate": 0.001}
				]
			},
			{
				"name": "bone43",
				"parent": "bone40",
				"pivot": [4, 30.25, -2],
				"rotation": [0, -72, 0]
			},
			{
				"name": "bone44",
				"parent": "bone43",
				"pivot": [4, 30.25, -2],
				"rotation": [0, 10, 0],
				"cubes": [
					{"origin": [2, 30.25, -2.5], "size": [2, 0, 1], "uv": [121, 11], "inflate": 0.001}
				]
			},
			{
				"name": "bone45",
				"parent": "bone43",
				"pivot": [4, 30.25, -2],
				"rotation": [0, -10, 0],
				"cubes": [
					{"origin": [2, 30.25, -2.5], "size": [2, 0, 1], "uv": [121, 11], "inflate": 0.001}
				]
			},
			{
				"name": "bone46",
				"parent": "bone43",
				"pivot": [4, 30.25, -2],
				"rotation": [0, -72, 0]
			},
			{
				"name": "bone47",
				"parent": "bone46",
				"pivot": [4, 30.25, -2],
				"rotation": [0, 10, 0],
				"cubes": [
					{"origin": [2, 30.25, -2.5], "size": [2, 0, 1], "uv": [121, 11], "inflate": 0.001}
				]
			},
			{
				"name": "bone48",
				"parent": "bone46",
				"pivot": [4, 30.25, -2],
				"rotation": [0, -10, 0],
				"cubes": [
					{"origin": [2, 30.25, -2.5], "size": [2, 0, 1], "uv": [121, 11], "inflate": 0.001}
				]
			},
			{
				"name": "bone49",
				"parent": "hat5",
				"pivot": [5.25, 27.75, -1],
				"rotation": [10, 0, 15]
			},
			{
				"name": "bone50",
				"parent": "bone49",
				"pivot": [5.25, 27.75, -1],
				"rotation": [0, 10, 0],
				"cubes": [
					{"origin": [3.5, 27.75, -1.5], "size": [1.75, 0, 1], "uv": [120, 10], "inflate": 0.001}
				]
			},
			{
				"name": "bone51",
				"parent": "bone49",
				"pivot": [5.25, 27.75, -1],
				"rotation": [0, -10, 0],
				"cubes": [
					{"origin": [3.5, 27.75, -1.5], "size": [1.75, 0, 1], "uv": [120, 10], "inflate": 0.001}
				]
			},
			{
				"name": "bone52",
				"parent": "bone49",
				"pivot": [5.25, 27.75, -1],
				"rotation": [0, -72, 0]
			},
			{
				"name": "bone53",
				"parent": "bone52",
				"pivot": [5.25, 27.75, -1],
				"rotation": [0, 10, 0],
				"cubes": [
					{"origin": [3.5, 27.75, -1.5], "size": [1.75, 0, 1], "uv": [120, 10], "inflate": 0.001}
				]
			},
			{
				"name": "bone54",
				"parent": "bone52",
				"pivot": [5.25, 27.75, -1],
				"rotation": [0, -10, 0],
				"cubes": [
					{"origin": [3.5, 27.75, -1.5], "size": [1.75, 0, 1], "uv": [120, 10], "inflate": 0.001}
				]
			},
			{
				"name": "bone55",
				"parent": "bone52",
				"pivot": [5.25, 27.75, -1],
				"rotation": [0, -72, 0]
			},
			{
				"name": "bone56",
				"parent": "bone55",
				"pivot": [5.25, 27.75, -1],
				"rotation": [0, 10, 0],
				"cubes": [
					{"origin": [3.5, 27.75, -1.5], "size": [1.75, 0, 1], "uv": [120, 10], "inflate": 0.001}
				]
			},
			{
				"name": "bone57",
				"parent": "bone55",
				"pivot": [5.25, 27.75, -1],
				"rotation": [0, -10, 0],
				"cubes": [
					{"origin": [3.5, 27.75, -1.5], "size": [1.75, 0, 1], "uv": [120, 10], "inflate": 0.001}
				]
			},
			{
				"name": "bone58",
				"parent": "bone55",
				"pivot": [5.25, 27.75, -1],
				"rotation": [0, -72, 0]
			},
			{
				"name": "bone59",
				"parent": "bone58",
				"pivot": [5.25, 27.75, -1],
				"rotation": [0, 10, 0],
				"cubes": [
					{"origin": [3.5, 27.75, -1.5], "size": [1.75, 0, 1], "uv": [120, 10], "inflate": 0.001}
				]
			},
			{
				"name": "bone60",
				"parent": "bone58",
				"pivot": [5.25, 27.75, -1],
				"rotation": [0, -10, 0],
				"cubes": [
					{"origin": [3.5, 27.75, -1.5], "size": [1.75, 0, 1], "uv": [120, 10], "inflate": 0.001}
				]
			},
			{
				"name": "bone61",
				"parent": "bone58",
				"pivot": [5.25, 27.75, -1],
				"rotation": [0, -72, 0]
			},
			{
				"name": "bone62",
				"parent": "bone61",
				"pivot": [5.25, 27.75, -1],
				"rotation": [0, 10, 0],
				"cubes": [
					{"origin": [3.5, 27.75, -1.5], "size": [1.75, 0, 1], "uv": [120, 10], "inflate": 0.001}
				]
			},
			{
				"name": "bone63",
				"parent": "bone61",
				"pivot": [5.25, 27.75, -1],
				"rotation": [0, -10, 0],
				"cubes": [
					{"origin": [3.5, 27.75, -1.5], "size": [1.75, 0, 1], "uv": [120, 10], "inflate": 0.001}
				]
			},
			{
				"name": "bone64",
				"parent": "hat5",
				"pivot": [5.25, 32.5, -0.5],
				"rotation": [-40, 0, 65]
			},
			{
				"name": "bone65",
				"parent": "bone64",
				"pivot": [5.25, 32.5, -0.5],
				"rotation": [0, 10, 0],
				"cubes": [
					{"origin": [3.5, 32.5, -1], "size": [1.75, 0, 1], "uv": [123, 11], "inflate": 0.001}
				]
			},
			{
				"name": "bone66",
				"parent": "bone64",
				"pivot": [5.25, 32.5, -0.5],
				"rotation": [0, -10, 0],
				"cubes": [
					{"origin": [3.5, 32.5, -1], "size": [1.75, 0, 1], "uv": [123, 11], "inflate": 0.001}
				]
			},
			{
				"name": "bone67",
				"parent": "bone64",
				"pivot": [5.25, 32.5, -0.5],
				"rotation": [0, -72, 0]
			},
			{
				"name": "bone68",
				"parent": "bone67",
				"pivot": [5.25, 32.5, -0.5],
				"rotation": [0, 10, 0],
				"cubes": [
					{"origin": [3.5, 32.5, -1], "size": [1.75, 0, 1], "uv": [123, 11], "inflate": 0.001}
				]
			},
			{
				"name": "bone69",
				"parent": "bone67",
				"pivot": [5.25, 32.5, -0.5],
				"rotation": [0, -10, 0],
				"cubes": [
					{"origin": [3.5, 32.5, -1], "size": [1.75, 0, 1], "uv": [123, 11], "inflate": 0.001}
				]
			},
			{
				"name": "bone70",
				"parent": "bone67",
				"pivot": [5.25, 32.5, -0.5],
				"rotation": [0, -72, 0]
			},
			{
				"name": "bone71",
				"parent": "bone70",
				"pivot": [5.25, 32.5, -0.5],
				"rotation": [0, 10, 0],
				"cubes": [
					{"origin": [3.5, 32.5, -1], "size": [1.75, 0, 1], "uv": [123, 11], "inflate": 0.001}
				]
			},
			{
				"name": "bone72",
				"parent": "bone70",
				"pivot": [5.25, 32.5, -0.5],
				"rotation": [0, -10, 0],
				"cubes": [
					{"origin": [3.5, 32.5, -1], "size": [1.75, 0, 1], "uv": [123, 11], "inflate": 0.001}
				]
			},
			{
				"name": "bone73",
				"parent": "bone70",
				"pivot": [5.25, 32.5, -0.5],
				"rotation": [0, -72, 0]
			},
			{
				"name": "bone74",
				"parent": "bone73",
				"pivot": [5.25, 32.5, -0.5],
				"rotation": [0, 10, 0],
				"cubes": [
					{"origin": [3.5, 32.5, -1], "size": [1.75, 0, 1], "uv": [123, 11], "inflate": 0.001}
				]
			},
			{
				"name": "bone75",
				"parent": "bone73",
				"pivot": [5.25, 32.5, -0.5],
				"rotation": [0, -10, 0],
				"cubes": [
					{"origin": [3.5, 32.5, -1], "size": [1.75, 0, 1], "uv": [123, 11], "inflate": 0.001}
				]
			},
			{
				"name": "bone76",
				"parent": "bone73",
				"pivot": [5.25, 32.5, -0.5],
				"rotation": [0, -72, 0]
			},
			{
				"name": "bone77",
				"parent": "bone76",
				"pivot": [5.25, 32.5, -0.5],
				"rotation": [0, 10, 0],
				"cubes": [
					{"origin": [3.5, 32.5, -1], "size": [1.75, 0, 1], "uv": [123, 11], "inflate": 0.001}
				]
			},
			{
				"name": "bone78",
				"parent": "bone76",
				"pivot": [5.25, 32.5, -0.5],
				"rotation": [0, -10, 0],
				"cubes": [
					{"origin": [3.5, 32.5, -1], "size": [1.75, 0, 1], "uv": [123, 11], "inflate": 0.001}
				]
			},
			{
				"name": "bone79",
				"parent": "hat5",
				"pivot": [3.5, 29.75, -1.5],
				"rotation": [20, 0, 10],
				"cubes": [
					{"origin": [3.25, 27.25, -1.75], "size": [0.5, 7, 0.5], "uv": [124, 0]},
					{"origin": [3.25, 27.5, -1.75], "size": [1.75, 0.5, 0.5], "uv": [124, 0]}
				]
			},
			{
				"name": "bone80",
				"parent": "bone79",
				"pivot": [3.5, 30.25, -1.5],
				"rotation": [-45, 0, 25],
				"cubes": [
					{"origin": [3.25, 30.25, -1.75], "size": [0.5, 2.75, 0.5], "uv": [124, 0]}
				]
			},
			{
				"name": "bone81",
				"parent": "bone80",
				"pivot": [3.5, 33, -1.5],
				"rotation": [75, 0, 0],
				"cubes": [
					{"origin": [3.25, 33, -1.75], "size": [0.5, 2.5, 0.5], "uv": [124, 0]}
				]
			},
			{
				"name": "bone82",
				"parent": "bone81",
				"pivot": [3.5, 35.5, -1.5],
				"rotation": [-35, 0, 0],
				"cubes": [
					{"origin": [3.25, 35.5, -1.75], "size": [0.5, 1.5, 0.5], "uv": [124, 0]}
				]
			},
			{
				"name": "bone83",
				"parent": "bone79",
				"pivot": [3.5, 31.75, -1.5],
				"rotation": [45, 0, 0],
				"cubes": [
					{"origin": [3.25, 31.75, -1.75], "size": [0.5, 1.75, 0.5], "uv": [124, 0]}
				]
			},
			{
				"name": "bone84",
				"parent": "hat5",
				"pivot": [-5.25, 13.25, -1]
			},
			{
				"name": "bone85",
				"parent": "bone84",
				"pivot": [5.21594, 25.78021, 0.25],
				"rotation": [0, 60, 15],
				"cubes": [
					{"origin": [5.20014, 25.79569, -0.25], "size": [0.5, 0.5, 1], "uv": [112, 4]}
				]
			},
			{
				"name": "bone86",
				"parent": "bone85",
				"pivot": [5.20014, 26.04569, -0.25],
				"rotation": [0, -45, 0],
				"cubes": [
					{"origin": [5.20014, 25.79569, -1.25], "size": [0.5, 0.5, 1], "uv": [112, 4]}
				]
			},
			{
				"name": "bone87",
				"parent": "bone86",
				"pivot": [5.20014, 26.04569, -1.25],
				"rotation": [0, -45, 0],
				"cubes": [
					{"origin": [5.20014, 25.79569, -2.25], "size": [0.5, 0.5, 1], "uv": [112, 4]}
				]
			},
			{
				"name": "bone88",
				"parent": "bone87",
				"pivot": [5.20014, 26.04569, -2.25],
				"rotation": [0, -45, 0],
				"cubes": [
					{"origin": [5.20014, 25.79569, -3.25], "size": [0.5, 0.5, 1], "uv": [112, 4]}
				]
			},
			{
				"name": "bone90",
				"parent": "bone85",
				"pivot": [5.20014, 26.04569, 0.75],
				"rotation": [0, 45, 0],
				"cubes": [
					{"origin": [5.20014, 25.79569, 0.75], "size": [0.5, 0.5, 1], "uv": [112, 4]}
				]
			},
			{
				"name": "bone91",
				"parent": "bone90",
				"pivot": [5.20014, 26.04569, 1.75],
				"rotation": [0, 45, 0],
				"cubes": [
					{"origin": [5.20014, 25.79569, 1.75], "size": [0.5, 0.5, 1], "uv": [112, 4]}
				]
			},
			{
				"name": "bone92",
				"parent": "bone91",
				"pivot": [5.20014, 26.04569, 2.75],
				"rotation": [0, 45, 0],
				"cubes": [
					{"origin": [5.20014, 25.79569, 2.75], "size": [0.5, 0.5, 1], "uv": [112, 4]}
				]
			},
			{
				"name": "bone93",
				"parent": "bone92",
				"pivot": [5.20014, 26.04569, 3.75],
				"rotation": [0, 45, 0],
				"cubes": [
					{"origin": [5.20014, 25.79569, 3.75], "size": [0.5, 0.5, 1], "uv": [112, 4]}
				]
			},
			{
				"name": "bone89",
				"parent": "bone84",
				"pivot": [3.97069, 25.67126, 0.5],
				"rotation": [-20, 0, 15],
				"cubes": [
					{"origin": [3.9549, 25.68674, 0], "size": [0.5, 0.5, 1], "uv": [112, 4]}
				]
			},
			{
				"name": "bone94",
				"parent": "bone89",
				"pivot": [3.9549, 25.93674, 1],
				"rotation": [0, 45, 0],
				"cubes": [
					{"origin": [3.9549, 25.68674, 1], "size": [0.5, 0.5, 1], "uv": [112, 4]}
				]
			},
			{
				"name": "bone95",
				"parent": "bone94",
				"pivot": [3.9549, 25.93674, 2],
				"rotation": [0, 45, 0],
				"cubes": [
					{"origin": [3.9549, 25.68674, 2], "size": [0.5, 0.5, 1], "uv": [112, 4]}
				]
			},
			{
				"name": "bone96",
				"parent": "bone95",
				"pivot": [3.9549, 25.93674, 3],
				"rotation": [0, 45, 0],
				"cubes": [
					{"origin": [3.9549, 25.68674, 3], "size": [0.5, 0.5, 1], "uv": [112, 4]}
				]
			},
			{
				"name": "bone97",
				"parent": "bone89",
				"pivot": [3.9549, 25.93674, 0],
				"rotation": [0, -45, 0],
				"cubes": [
					{"origin": [3.9549, 25.68674, -1], "size": [0.5, 0.5, 1], "uv": [112, 4]}
				]
			},
			{
				"name": "bone98",
				"parent": "bone97",
				"pivot": [3.9549, 25.93674, -1],
				"rotation": [0, -45, 0],
				"cubes": [
					{"origin": [3.9549, 25.68674, -2], "size": [0.5, 0.5, 1], "uv": [112, 4]}
				]
			},
			{
				"name": "bone99",
				"parent": "bone98",
				"pivot": [3.9549, 25.93674, -2],
				"rotation": [0, -45, 0],
				"cubes": [
					{"origin": [3.9549, 25.68674, -3], "size": [0.5, 0.5, 1], "uv": [112, 4]}
				]
			},
			{
				"name": "bone100",
				"parent": "bone99",
				"pivot": [3.9549, 25.93674, -3],
				"rotation": [0, -45, 0],
				"cubes": [
					{"origin": [3.9549, 25.68674, -4], "size": [0.5, 0.5, 1], "uv": [112, 4]}
				]
			},
			{
				"name": "bone101",
				"parent": "bone84",
				"pivot": [5.6545, 12.40127, -2.375],
				"rotation": [-10, 0, -15],
				"cubes": [
					{"origin": [7.57231, 23.49749, -2.75], "size": [0.5, 2.75, 0.5], "uv": [112, 4]}
				]
			},
			{
				"name": "bone102",
				"parent": "bone101",
				"pivot": [7.82327, 23.47571, -2.5],
				"rotation": [-10, 0, -25],
				"cubes": [
					{"origin": [7.32327, 20.47571, -3], "size": [1, 3, 1], "uv": [76, 8]}
				]
			},
			{
				"name": "hat6",
				"parent": "hat",
				"pivot": [0, 14, 0]
			},
			{
				"name": "bone103",
				"parent": "hat6",
				"pivot": [0, 25.75, 4.75],
				"rotation": [-15, 0, 0],
				"cubes": [
					{"origin": [-0.5, 25.75, 4.25], "size": [1, 1, 0.5], "uv": [112, 3]}
				]
			},
			{
				"name": "bone106",
				"parent": "bone103",
				"pivot": [0, 13.75, -1.25]
			},
			{
				"name": "bone104",
				"parent": "bone106",
				"pivot": [0.5, 26.75, 4.75],
				"rotation": [0, 0, -10],
				"cubes": [
					{"origin": [0, 26.75, 4.25], "size": [0.5, 1.5, 0.5], "uv": [112, 3]}
				]
			},
			{
				"name": "bone105",
				"parent": "bone106",
				"pivot": [-0.5, 26.75, 4.75],
				"rotation": [0, 0, 10],
				"cubes": [
					{"origin": [-0.5, 26.75, 4.25], "size": [0.5, 1.5, 0.5], "uv": [112, 3], "mirror": true}
				]
			},
			{
				"name": "bone107",
				"parent": "bone103",
				"pivot": [0, 26.25, 4.75],
				"rotation": [0, 0, -90]
			},
			{
				"name": "bone108",
				"parent": "bone107",
				"pivot": [0.5, 26.75, 4.75],
				"rotation": [0, 0, -10],
				"cubes": [
					{"origin": [0, 26.75, 4.25], "size": [0.5, 1.5, 0.5], "uv": [112, 3]}
				]
			},
			{
				"name": "bone109",
				"parent": "bone107",
				"pivot": [-0.5, 26.75, 4.75],
				"rotation": [0, 0, 10],
				"cubes": [
					{"origin": [-0.5, 26.75, 4.25], "size": [0.5, 1.5, 0.5], "uv": [112, 3], "mirror": true}
				]
			},
			{
				"name": "bone110",
				"parent": "bone103",
				"pivot": [0, 26.25, 4.75],
				"rotation": [0, 0, 90]
			},
			{
				"name": "bone175",
				"parent": "bone110",
				"pivot": [-0.5, 26.75, 4.75],
				"rotation": [0, 0, 10],
				"cubes": [
					{"origin": [-0.5, 26.75, 4.25], "size": [0.5, 1.5, 0.5], "uv": [112, 3], "mirror": true}
				]
			},
			{
				"name": "bone176",
				"parent": "bone110",
				"pivot": [0.5, 26.75, 4.75],
				"rotation": [0, 0, -10],
				"cubes": [
					{"origin": [0, 26.75, 4.25], "size": [0.5, 1.5, 0.5], "uv": [112, 3]}
				]
			},
			{
				"name": "bone177",
				"parent": "hat6",
				"pivot": [0, 25.5, 4.25],
				"rotation": [-65, -15, 15],
				"cubes": [
					{"origin": [-1.5, 25.5, 4.25], "size": [2, 0, 4], "uv": [88, 2], "inflate": 0.001}
				]
			},
			{
				"name": "bone178",
				"parent": "bone177",
				"pivot": [0.5, 25.5, 8.25],
				"rotation": [0, -15, 0],
				"cubes": [
					{"origin": [-1.5, 25.5, 8.25], "size": [2, 0, 4], "uv": [88, 2], "inflate": 0.001}
				]
			},
			{
				"name": "bone179",
				"parent": "bone178",
				"pivot": [0.5, 25.5, 12.25],
				"rotation": [0, -15, 0],
				"cubes": [
					{"origin": [-1.5, 25.5, 12.25], "size": [2, 0, 4], "uv": [88, 2], "inflate": 0.001}
				]
			},
			{
				"name": "bone180",
				"parent": "hat6",
				"pivot": [0, 25.5, 4.25],
				"rotation": [-65, 15, -15],
				"cubes": [
					{"origin": [-0.5, 25.5, 4.25], "size": [2, 0, 4], "uv": [90, 4], "inflate": 0.001, "mirror": true}
				]
			},
			{
				"name": "bone181",
				"parent": "bone180",
				"pivot": [-0.5, 25.5, 8.25],
				"rotation": [0, 15, 0],
				"cubes": [
					{"origin": [-0.5, 25.5, 8.25], "size": [2, 0, 4], "uv": [90, 4], "inflate": 0.001, "mirror": true}
				]
			},
			{
				"name": "bone182",
				"parent": "bone181",
				"pivot": [-0.5, 25.5, 12.25],
				"rotation": [0, 15, 0],
				"cubes": [
					{"origin": [-0.5, 25.5, 12.25], "size": [2, 0, 4], "uv": [90, 4], "inflate": 0.001, "mirror": true}
				]
			},
			{
				"name": "hair",
				"parent": "head",
				"pivot": [0, 18, 0]
			},
			{
				"name": "hair1",
				"parent": "hair",
				"pivot": [-0.75, 24.75, -3],
				"rotation": [-10, 0, 0],
				"cubes": [
					{"origin": [-1.25, 22.75, -3.5], "size": [1, 2, 1], "uv": [76, 0]}
				]
			},
			{
				"name": "bone183",
				"parent": "hair1",
				"pivot": [-1.25, 22.75, -3.5],
				"rotation": [10, 0, -20],
				"cubes": [
					{"origin": [-1.25, 20.75, -3.5], "size": [1, 2, 1], "uv": [76, 0]}
				]
			},
			{
				"name": "bone186",
				"parent": "bone183",
				"pivot": [-1.25, 20.75, -3.5],
				"rotation": [5, 0, -25],
				"cubes": [
					{"origin": [-1.25, 19.75, -3.5], "size": [1, 1, 1], "uv": [76, 0]}
				]
			},
			{
				"name": "bone185",
				"parent": "hair1",
				"pivot": [0.23481, 24.57701, -2.98487],
				"rotation": [0, 0, 10],
				"cubes": [
					{"origin": [-0.26519, 22.57701, -3.48487], "size": [1, 2, 1], "uv": [76, 0]}
				]
			},
			{
				"name": "bone184",
				"parent": "bone185",
				"pivot": [-0.03015, 22.66187, -3.4924],
				"rotation": [10, 0, -25],
				"cubes": [
					{"origin": [-0.03015, 20.91187, -3.4924], "size": [1, 1.75, 1], "uv": [76, 0]}
				]
			},
			{
				"name": "hair2",
				"parent": "hair",
				"pivot": [-0.5, 24.25, -2.9],
				"rotation": [-10, 0, -45],
				"cubes": [
					{"origin": [-1, 22.25, -3.4], "size": [1, 2, 1], "uv": [76, 0]}
				]
			},
			{
				"name": "bone187",
				"parent": "hair2",
				"pivot": [-1, 22.25, -3.4],
				"rotation": [10, 0, -20],
				"cubes": [
					{"origin": [-1, 20.25, -3.4], "size": [1, 2, 1], "uv": [76, 0]}
				]
			},
			{
				"name": "bone189",
				"parent": "hair2",
				"pivot": [0.48481, 24.07701, -2.88487],
				"rotation": [0, 0, 10],
				"cubes": [
					{"origin": [-0.01519, 22.07701, -3.38487], "size": [1, 1.75, 1], "uv": [76, 0]}
				]
			},
			{
				"name": "bone190",
				"parent": "bone189",
				"pivot": [0.21985, 22.16187, -3.3924],
				"rotation": [10, 0, -10],
				"cubes": [
					{"origin": [-0.03015, 20.66187, -3.3924], "size": [1, 1.5, 1], "uv": [76, 0]}
				]
			},
			{
				"name": "hair3",
				"parent": "hair",
				"pivot": [0, 18, 0]
			},
			{
				"name": "bone188",
				"parent": "hair3",
				"pivot": [-2.75, 22.5, -3.15],
				"rotation": [-5, 0, 20],
				"cubes": [
					{"origin": [-3.59202, 21.93612, -3.7319], "size": [1, 2.5, 1], "uv": [76, 0]}
				]
			},
			{
				"name": "bone191",
				"parent": "bone188",
				"pivot": [-3.25, 21, -3.65],
				"rotation": [5, 0, -10],
				"cubes": [
					{"origin": [-3.42427, 20.23469, -3.64606], "size": [1, 1.75, 1], "uv": [76, 0]}
				]
			},
			{
				"name": "bone192",
				"parent": "bone191",
				"pivot": [-3.25, 19.25, -3.65],
				"rotation": [4, 0, -15],
				"cubes": [
					{"origin": [-3.16347, 18.24354, -3.57658], "size": [1, 2, 1], "uv": [76, 0]}
				]
			},
			{
				"name": "bone193",
				"parent": "hair3",
				"pivot": [-1.75, 24.5, -3.05],
				"rotation": [-5, 0, 25],
				"cubes": [
					{"origin": [-2.1429, 21.97871, -3.46065], "size": [1, 2.5, 1], "uv": [76, 0]}
				]
			},
			{
				"name": "bone194",
				"parent": "bone193",
				"pivot": [-1.80088, 21.04259, -3.37875],
				"rotation": [5, 0, -10],
				"cubes": [
					{"origin": [-1.97515, 20.27728, -3.37481], "size": [1, 1.75, 1], "uv": [76, 0]}
				]
			},
			{
				"name": "bone195",
				"parent": "bone194",
				"pivot": [-1.80088, 19.29259, -3.37875],
				"rotation": [4, 0, -15],
				"cubes": [
					{"origin": [-1.71435, 18.28613, -3.30533], "size": [1, 2, 1], "uv": [76, 0]}
				]
			},
			{
				"name": "hair4",
				"parent": "hair",
				"pivot": [0, 18, 0]
			},
			{
				"name": "bone196",
				"parent": "hair4",
				"pivot": [2.75, 22.5, -3.15],
				"rotation": [-5, 0, -20],
				"cubes": [
					{"origin": [2.59202, 21.93612, -3.7319], "size": [1, 2.5, 1], "uv": [76, 0]}
				]
			},
			{
				"name": "bone197",
				"parent": "bone196",
				"pivot": [3.25, 21, -3.65],
				"rotation": [5, 0, 10],
				"cubes": [
					{"origin": [2.42427, 20.23469, -3.64606], "size": [1, 1.75, 1], "uv": [76, 0]}
				]
			},
			{
				"name": "bone198",
				"parent": "bone197",
				"pivot": [3.25, 19.25, -3.65],
				"rotation": [4, 0, 15],
				"cubes": [
					{"origin": [2.16347, 18.24354, -3.57658], "size": [1, 2, 1], "uv": [76, 0]}
				]
			},
			{
				"name": "bone199",
				"parent": "hair4",
				"pivot": [1.75, 24.5, -3.05],
				"rotation": [-5, 0, -25],
				"cubes": [
					{"origin": [1.1429, 21.97871, -3.46065], "size": [1, 2.5, 1], "uv": [76, 0]}
				]
			},
			{
				"name": "bone200",
				"parent": "bone199",
				"pivot": [1.80088, 21.04259, -3.37875],
				"rotation": [5, 0, 10],
				"cubes": [
					{"origin": [0.97515, 20.27728, -3.37481], "size": [1, 1.75, 1], "uv": [76, 0]}
				]
			},
			{
				"name": "bone201",
				"parent": "bone200",
				"pivot": [1.80088, 19.29259, -3.37875],
				"rotation": [4, 0, 15],
				"cubes": [
					{"origin": [0.71435, 18.28613, -3.30533], "size": [1, 2, 1], "uv": [76, 0]}
				]
			},
			{
				"name": "hair5",
				"parent": "hair",
				"pivot": [0, 18, 0]
			},
			{
				"name": "bone206",
				"parent": "hair5",
				"pivot": [4, 25.25, 0.75],
				"rotation": [0, 0, -20]
			},
			{
				"name": "bone202",
				"parent": "bone206",
				"pivot": [4, 25.25, 0.75],
				"cubes": [
					{"origin": [3.25, 20.25, 0], "size": [1.5, 5, 1.5], "uv": [76, 15]}
				]
			},
			{
				"name": "bone203",
				"parent": "bone202",
				"pivot": [3.25, 20.25, 0],
				"rotation": [5, 0, -15],
				"cubes": [
					{"origin": [3.25, 15.25, 0], "size": [1.5, 5, 1.5], "uv": [76, 15]}
				]
			},
			{
				"name": "bone204",
				"parent": "bone203",
				"pivot": [3.25, 15.25, 0],
				"rotation": [5, 0, -15],
				"cubes": [
					{"origin": [3.25, 11.25, 0], "size": [1.5, 4, 1.5], "uv": [76, 15]}
				]
			},
			{
				"name": "bone209",
				"parent": "bone204",
				"pivot": [4.75, 11.25, 1.5],
				"rotation": [-10, 0, 15],
				"cubes": [
					{"origin": [3.25, 7.25, 0], "size": [1.5, 4, 1.5], "uv": [76, 15]}
				]
			},
			{
				"name": "bone210",
				"parent": "bone209",
				"pivot": [4.75, 7.25, 1.5],
				"rotation": [-5, 0, 35],
				"cubes": [
					{"origin": [3.25, 4.25, 0], "size": [1.5, 3, 1.5], "uv": [76, 15]}
				]
			},
			{
				"name": "bone211",
				"parent": "bone210",
				"pivot": [4.75, 4.25, 1.5],
				"rotation": [-5, 0, 20],
				"cubes": [
					{"origin": [3.25, 1.25, 0], "size": [1.5, 3, 1.5], "uv": [76, 22]}
				]
			},
			{
				"name": "bone212",
				"parent": "bone209",
				"pivot": [4.6683, 9.99878, 1.49376],
				"rotation": [-5, 0, 20],
				"cubes": [
					{"origin": [3.1683, 6.99878, -0.00624], "size": [1.5, 3, 1.5], "uv": [76, 15]}
				]
			},
			{
				"name": "bone213",
				"parent": "bone212",
				"pivot": [4.6683, 6.99878, 1.49376],
				"rotation": [-5, 0, 40],
				"cubes": [
					{"origin": [3.1683, 3.99878, -0.00624], "size": [1.5, 3, 1.5], "uv": [76, 22]}
				]
			},
			{
				"name": "bone205",
				"parent": "bone206",
				"pivot": [4, 25.25, 0.75],
				"rotation": [0, 0, -10],
				"cubes": [
					{"origin": [3.25, 20.25, 0], "size": [1.5, 5, 1.5], "uv": [76, 15]}
				]
			},
			{
				"name": "bone207",
				"parent": "bone205",
				"pivot": [3.25, 20.25, 0],
				"rotation": [5, 0, -15],
				"cubes": [
					{"origin": [3.25, 15.25, 0], "size": [1.5, 5, 1.5], "uv": [76, 15]}
				]
			},
			{
				"name": "bone208",
				"parent": "bone207",
				"pivot": [3.25, 15.25, 0],
				"rotation": [5, 0, -20],
				"cubes": [
					{"origin": [3.25, 11.25, 0], "size": [1.5, 4, 1.5], "uv": [76, 15]}
				]
			},
			{
				"name": "bone214",
				"parent": "bone208",
				"pivot": [4.75, 11.25, 1.5],
				"rotation": [-10, 0, 25],
				"cubes": [
					{"origin": [3.25, 7.25, 0], "size": [1.5, 4, 1.5], "uv": [76, 15]}
				]
			},
			{
				"name": "bone215",
				"parent": "bone214",
				"pivot": [4.75, 7.25, 1.5],
				"rotation": [-5, 0, 45],
				"cubes": [
					{"origin": [3.25, 4.25, 0], "size": [1.5, 3, 1.5], "uv": [76, 15]}
				]
			},
			{
				"name": "bone216",
				"parent": "bone215",
				"pivot": [4.75, 4.25, 1.5],
				"rotation": [-5, 0, 20],
				"cubes": [
					{"origin": [3.25, 1.25, 0], "size": [1.5, 3, 1.5], "uv": [76, 22]}
				]
			},
			{
				"name": "bone238",
				"parent": "bone208",
				"pivot": [3.25, 15.25, 0],
				"rotation": [5, 0, 3],
				"cubes": [
					{"origin": [3.25, 11.25, 0], "size": [1.5, 4, 1.5], "uv": [76, 15]}
				]
			},
			{
				"name": "bone239",
				"parent": "bone238",
				"pivot": [4.75, 11.25, 1.5],
				"rotation": [-10, 0, 25],
				"cubes": [
					{"origin": [3.25, 7.25, 0], "size": [1.5, 4, 1.5], "uv": [76, 15]}
				]
			},
			{
				"name": "bone240",
				"parent": "bone239",
				"pivot": [4.75, 7.25, 1.5],
				"rotation": [-5, 0, 45],
				"cubes": [
					{"origin": [3.25, 4.25, 0], "size": [1.5, 3, 1.5], "uv": [76, 15]}
				]
			},
			{
				"name": "bone241",
				"parent": "bone240",
				"pivot": [4.75, 4.25, 1.5],
				"rotation": [-5, 0, 20],
				"cubes": [
					{"origin": [3.25, 1.25, 0], "size": [1.5, 3, 1.5], "uv": [76, 15]}
				]
			},
			{
				"name": "bone219",
				"parent": "bone206",
				"pivot": [4, 25.25, 1.25],
				"rotation": [5, 0, 3],
				"cubes": [
					{"origin": [3.25, 20.25, 0.5], "size": [1.5, 5, 1.5], "uv": [76, 15]}
				]
			},
			{
				"name": "bone220",
				"parent": "bone219",
				"pivot": [3.25, 20.25, 0.5],
				"rotation": [5, 0, -15],
				"cubes": [
					{"origin": [3.25, 15.25, 0.5], "size": [1.5, 5, 1.5], "uv": [76, 15]}
				]
			},
			{
				"name": "bone221",
				"parent": "bone220",
				"pivot": [3.25, 15.25, 0.5],
				"rotation": [5, 0, -15],
				"cubes": [
					{"origin": [3.25, 11.25, 0.5], "size": [1.5, 4, 1.5], "uv": [76, 15]}
				]
			},
			{
				"name": "bone217",
				"parent": "hair5",
				"pivot": [-4, 25.25, 0.75],
				"rotation": [0, 0, 20]
			},
			{
				"name": "bone218",
				"parent": "bone217",
				"pivot": [-4, 25.25, 0.75],
				"cubes": [
					{"origin": [-4.75, 20.25, 0], "size": [1.5, 5, 1.5], "uv": [76, 15]}
				]
			},
			{
				"name": "bone222",
				"parent": "bone218",
				"pivot": [-3.25, 20.25, 0],
				"rotation": [5, 0, 15],
				"cubes": [
					{"origin": [-4.75, 15.25, 0], "size": [1.5, 5, 1.5], "uv": [76, 15]}
				]
			},
			{
				"name": "bone223",
				"parent": "bone222",
				"pivot": [-3.25, 15.25, 0],
				"rotation": [5, 0, 15],
				"cubes": [
					{"origin": [-4.75, 11.25, 0], "size": [1.5, 4, 1.5], "uv": [76, 15]}
				]
			},
			{
				"name": "bone224",
				"parent": "bone223",
				"pivot": [-4.75, 11.25, 1.5],
				"rotation": [-10, 0, -15],
				"cubes": [
					{"origin": [-4.75, 7.25, 0], "size": [1.5, 4, 1.5], "uv": [76, 15]}
				]
			},
			{
				"name": "bone225",
				"parent": "bone224",
				"pivot": [-4.75, 7.25, 1.5],
				"rotation": [-5, 0, -35],
				"cubes": [
					{"origin": [-4.75, 4.25, 0], "size": [1.5, 3, 1.5], "uv": [76, 15]}
				]
			},
			{
				"name": "bone226",
				"parent": "bone225",
				"pivot": [-4.75, 4.25, 1.5],
				"rotation": [-5, 0, -20],
				"cubes": [
					{"origin": [-4.75, 1.25, 0], "size": [1.5, 3, 1.5], "uv": [78, 22]}
				]
			},
			{
				"name": "bone227",
				"parent": "bone224",
				"pivot": [-4.6683, 9.99878, 1.49376],
				"rotation": [-5, 0, -20],
				"cubes": [
					{"origin": [-4.6683, 6.99878, -0.00624], "size": [1.5, 3, 1.5], "uv": [76, 15]}
				]
			},
			{
				"name": "bone228",
				"parent": "bone227",
				"pivot": [-4.6683, 6.99878, 1.49376],
				"rotation": [-5, 0, -40],
				"cubes": [
					{"origin": [-4.6683, 3.99878, -0.00624], "size": [1.5, 3, 1.5], "uv": [78, 22]}
				]
			},
			{
				"name": "bone229",
				"parent": "bone217",
				"pivot": [-4, 25.25, 0.75],
				"rotation": [0, 0, 10],
				"cubes": [
					{"origin": [-4.75, 20.25, 0], "size": [1.5, 5, 1.5], "uv": [76, 15]}
				]
			},
			{
				"name": "bone230",
				"parent": "bone229",
				"pivot": [-3.25, 20.25, 0],
				"rotation": [5, 0, 15],
				"cubes": [
					{"origin": [-4.75, 15.25, 0], "size": [1.5, 5, 1.5], "uv": [76, 15]}
				]
			},
			{
				"name": "bone231",
				"parent": "bone230",
				"pivot": [-3.25, 15.25, 0],
				"rotation": [5, 0, 20],
				"cubes": [
					{"origin": [-4.75, 11.25, 0], "size": [1.5, 4, 1.5], "uv": [76, 15]}
				]
			},
			{
				"name": "bone232",
				"parent": "bone231",
				"pivot": [-4.75, 11.25, 1.5],
				"rotation": [-10, 0, -25],
				"cubes": [
					{"origin": [-4.75, 7.25, 0], "size": [1.5, 4, 1.5], "uv": [76, 15]}
				]
			},
			{
				"name": "bone233",
				"parent": "bone232",
				"pivot": [-4.75, 7.25, 1.5],
				"rotation": [-5, 0, -45],
				"cubes": [
					{"origin": [-4.75, 4.25, 0], "size": [1.5, 3, 1.5], "uv": [76, 15]}
				]
			},
			{
				"name": "bone234",
				"parent": "bone233",
				"pivot": [-4.75, 4.25, 1.5],
				"rotation": [-5, 0, -20],
				"cubes": [
					{"origin": [-4.75, 1.25, 0], "size": [1.5, 3, 1.5], "uv": [78, 22]}
				]
			},
			{
				"name": "bone235",
				"parent": "bone231",
				"pivot": [-3.25, 15.25, 0],
				"rotation": [5, 0, -3],
				"cubes": [
					{"origin": [-4.75, 11.25, 0], "size": [1.5, 4, 1.5], "uv": [76, 15]}
				]
			},
			{
				"name": "bone236",
				"parent": "bone235",
				"pivot": [-4.75, 11.25, 1.5],
				"rotation": [-10, 0, -25],
				"cubes": [
					{"origin": [-4.75, 7.25, 0], "size": [1.5, 4, 1.5], "uv": [76, 15]}
				]
			},
			{
				"name": "bone237",
				"parent": "bone236",
				"pivot": [-4.75, 7.25, 1.5],
				"rotation": [-5, 0, -45],
				"cubes": [
					{"origin": [-4.75, 4.25, 0], "size": [1.5, 3, 1.5], "uv": [76, 15]}
				]
			},
			{
				"name": "bone242",
				"parent": "bone237",
				"pivot": [-4.75, 4.25, 1.5],
				"rotation": [-5, 0, -20],
				"cubes": [
					{"origin": [-4.75, 1.25, 0], "size": [1.5, 3, 1.5], "uv": [76, 15]}
				]
			},
			{
				"name": "bone243",
				"parent": "bone217",
				"pivot": [-4, 25.25, 1.25],
				"rotation": [5, 0, -3],
				"cubes": [
					{"origin": [-4.75, 20.25, 0.5], "size": [1.5, 5, 1.5], "uv": [76, 15]}
				]
			},
			{
				"name": "bone244",
				"parent": "bone243",
				"pivot": [-3.25, 20.25, 0.5],
				"rotation": [5, 0, 15],
				"cubes": [
					{"origin": [-4.75, 15.25, 0.5], "size": [1.5, 5, 1.5], "uv": [76, 15]}
				]
			},
			{
				"name": "bone245",
				"parent": "bone244",
				"pivot": [-3.25, 15.25, 0.5],
				"rotation": [5, 0, 15],
				"cubes": [
					{"origin": [-4.75, 11.25, 0.5], "size": [1.5, 4, 1.5], "uv": [76, 15]}
				]
			},
			{
				"name": "armRight",
				"pivot": [-2, 17.5, 0],
				"rotation": [0, 0, 25],
				"cubes": [
					{"origin": [-4, 8.5, -1], "size": [2, 8, 2], "uv": [8, 52]},
					{"origin": [-4.25, 13.5, -1.25], "size": [2.5, 4, 2.5], "uv": [52, 62]}
				]
			},
			{
				"name": "bone246",
				"parent": "armRight",
				"pivot": [-1.75, 13.5, 1.25],
				"rotation": [0, 0, 15],
				"cubes": [
					{"origin": [-4.25, 10.5, -1.25], "size": [2.5, 3, 2.5], "uv": [63, 48], "inflate": 0.001},
					{"origin": [-4.5, 9.5, -1.5], "size": [2.75, 2, 3], "uv": [57, 33]}
				]
			},
			{
				"name": "bone247",
				"parent": "bone246",
				"pivot": [-1.75, 9.5, -1.25],
				"rotation": [0, 0, -30],
				"cubes": [
					{"origin": [-1.75, 10.5, -1.25], "size": [2.5, 4.5, 2.5], "uv": [61, 38]},
					{"origin": [-1.75, 9.5, -1.5], "size": [2.75, 2, 3], "uv": [57, 0]}
				]
			},
			{
				"name": "armLeft",
				"pivot": [2, 17.5, 0],
				"rotation": [0, 0, -25],
				"cubes": [
					{"origin": [2, 8.5, -1], "size": [2, 8, 2], "uv": [0, 51]},
					{"origin": [1.75, 13.5, -1.25], "size": [2.5, 4, 2.5], "uv": [0, 61]}
				]
			},
			{
				"name": "bone248",
				"parent": "armLeft",
				"pivot": [1.75, 13.5, 1.25],
				"rotation": [0, 0, -15],
				"cubes": [
					{"origin": [1.75, 10.5, -1.25], "size": [2.5, 3, 2.5], "uv": [29, 63]},
					{"origin": [1.75, 9.5, -1.5], "size": [2.75, 2, 3], "uv": [56, 50]}
				]
			},
			{
				"name": "bone249",
				"parent": "bone248",
				"pivot": [1.75, 9.5, -1.25],
				"rotation": [0, 0, 30],
				"cubes": [
					{"origin": [-0.75, 10.5, -1.25], "size": [2.5, 4.5, 2.5], "uv": [60, 5], "inflate": 0.001},
					{"origin": [-1, 9.5, -1.5], "size": [2.75, 2, 3], "uv": [45, 0]}
				]
			},
			{
				"name": "body",
				"pivot": [0, 10.5, 0],
				"cubes": [
					{"origin": [-3, 11.999, -2.5], "size": [6, 6, 5], "uv": [0, 29]}
				]
			},
			{
				"name": "cloth",
				"parent": "body",
				"pivot": [0, 10.5, 0]
			},
			{
				"name": "cloth1",
				"parent": "cloth",
				"pivot": [0, 10.5, 0],
				"cubes": [
					{"origin": [-1.15, 15.4, 2], "size": [2.3, 3, 0.75], "uv": [123, 36]},
					{"origin": [-2.3, 15.25, 2], "size": [4.6, 1, 0.75], "uv": [20, 27]}
				]
			},
			{
				"name": "bone250",
				"parent": "cloth1",
				"pivot": [-0.75, 16.5, 0],
				"rotation": [0, 0, -30],
				"cubes": [
					{"origin": [-1.75, 15, -2.6], "size": [2, 3.25, 5.2], "uv": [24, 44]}
				]
			},
			{
				"name": "bone251",
				"parent": "cloth1",
				"pivot": [0.75, 16.5, 0],
				"rotation": [0, 0, 30],
				"cubes": [
					{"origin": [-0.25, 15, -2.601], "size": [2, 3.25, 5.2], "uv": [40, 20]}
				]
			},
			{
				"name": "bone252",
				"parent": "cloth1",
				"pivot": [-2, 16.5, 0],
				"rotation": [0, 0, -30],
				"cubes": [
					{"origin": [-1.15, 15.05, -2.75], "size": [0.75, 2.45, 5.5], "uv": [115, 36]}
				]
			},
			{
				"name": "bone253",
				"parent": "bone252",
				"pivot": [-2.25, 18.25, 0],
				"rotation": [0, 0, 15],
				"cubes": [
					{"origin": [-2.25, 15.5, -2.75], "size": [2, 2.75, 5.5], "uv": [113, 36]}
				]
			},
			{
				"name": "bone254",
				"parent": "cloth1",
				"pivot": [2, 16.5, 0],
				"rotation": [0, 0, 30],
				"cubes": [
					{"origin": [0.4, 15.05, -2.75], "size": [0.75, 2.45, 5.5], "uv": [115, 38]}
				]
			},
			{
				"name": "bone255",
				"parent": "bone254",
				"pivot": [2.25, 18.25, 0],
				"rotation": [0, 0, -15],
				"cubes": [
					{"origin": [0.25, 15.5, -2.75], "size": [2, 2.75, 5.5], "uv": [113, 36]}
				]
			},
			{
				"name": "cloth2",
				"parent": "cloth",
				"pivot": [0, 10.5, 0],
				"cubes": [
					{"origin": [-3.1, 13, -2.65], "size": [6.2, 3, 5.3], "uv": [28, 0]},
					{"origin": [-3.1, 16, -2.65], "size": [1.2, 1.75, 5.3], "uv": [50, 0]},
					{"origin": [1.9, 16, -2.65], "size": [1.2, 1.75, 5.3], "uv": [49, 23]}
				]
			},
			{
				"name": "bone259",
				"parent": "cloth2",
				"pivot": [0, 10.5, 0]
			},
			{
				"name": "bone258",
				"parent": "bone259",
				"pivot": [0.1, 13, -2.65],
				"rotation": [-10, 0, 0],
				"cubes": [
					{"origin": [-1.35, 9.25, -2.65], "size": [2.7, 3.75, 2.65], "uv": [62, 26]}
				]
			},
			{
				"name": "bone256",
				"parent": "bone259",
				"pivot": [-0.1, 13, -2.65],
				"rotation": [-10, 0, -15],
				"cubes": [
					{"origin": [0.3, 9, -2.65], "size": [2.8, 4, 3.5], "uv": [55, 55]}
				]
			},
			{
				"name": "bone264",
				"parent": "bone256",
				"pivot": [3.1, 9, -1.15],
				"rotation": [-15, 0, 0],
				"cubes": [
					{"origin": [2.1, 9, -2.65], "size": [1, 4, 1.5], "uv": [24, 44]}
				]
			},
			{
				"name": "bone257",
				"parent": "bone259",
				"pivot": [0.1, 13, -2.65],
				"rotation": [-10, 0, 15],
				"cubes": [
					{"origin": [-3.1, 9, -2.65], "size": [2.8, 4, 3.5], "uv": [54, 43]}
				]
			},
			{
				"name": "bone265",
				"parent": "bone257",
				"pivot": [-3.1, 9, -1.15],
				"rotation": [-15, 0, 0],
				"cubes": [
					{"origin": [-3.1, 9, -2.65], "size": [1, 4, 1.5], "uv": [40, 20]}
				]
			},
			{
				"name": "bone260",
				"parent": "cloth2",
				"pivot": [0, 10.5, 0]
			},
			{
				"name": "bone262",
				"parent": "bone260",
				"pivot": [0.1, 13, 2.65],
				"rotation": [10, 0, 0],
				"cubes": [
					{"origin": [-1.35, 9.25, 0], "size": [2.7, 3.75, 2.65], "uv": [114, 54]}
				]
			},
			{
				"name": "bone263",
				"parent": "bone260",
				"pivot": [-0.1, 13, 2.65],
				"rotation": [10, 0, -15],
				"cubes": [
					{"origin": [0.3, 9, -0.85], "size": [2.8, 4, 3.5], "uv": [114, 54]}
				]
			},
			{
				"name": "bone266",
				"parent": "bone263",
				"pivot": [0.3, 9, 2.65],
				"rotation": [0, 0, -20],
				"cubes": [
					{"origin": [0.3, 4, -0.85], "size": [2.8, 5, 3.5], "uv": [118, 68]}
				]
			},
			{
				"name": "bone267",
				"parent": "bone266",
				"pivot": [3.05, 4, 2.65],
				"rotation": [0, 0, 15],
				"cubes": [
					{"origin": [0.3, 0, -0.85], "size": [2.8, 4, 3.5], "uv": [118, 69]}
				]
			},
			{
				"name": "bone268",
				"parent": "bone267",
				"pivot": [3.05, 4, 2.65],
				"cubes": [
					{"origin": [3, -0.1, -0.95], "size": [0.2, 0.35, 1], "uv": [113, 5]},
					{"origin": [3, 0.55, -0.95], "size": [0.2, 0.35, 1], "uv": [113, 5]},
					{"origin": [3, 0.15, -0.95], "size": [0.2, 0.5, 0.35], "uv": [113, 5]},
					{"origin": [3, 0.15, -0.3], "size": [0.2, 0.5, 0.35], "uv": [113, 5]}
				]
			},
			{
				"name": "bone269",
				"parent": "bone268",
				"pivot": [3.1, -0.35, -0.45],
				"cubes": [
					{"origin": [2.95, -1, -0.6], "size": [0.3, 1.3, 0.3], "uv": [36, 2]}
				]
			},
			{
				"name": "bone270",
				"parent": "bone269",
				"pivot": [3.1, -0.7, -0.45],
				"rotation": [15, 0, -10],
				"cubes": [
					{"origin": [2.85, -2, -0.7], "size": [0.5, 1.3, 0.5], "uv": [36, 2]}
				]
			},
			{
				"name": "bone261",
				"parent": "bone263",
				"pivot": [0.3, 13, 2.65],
				"rotation": [0, 0, 10],
				"cubes": [
					{"origin": [-0.2, 8, -0.85], "size": [1.8, 5, 3.5], "uv": [114, 54]}
				]
			},
			{
				"name": "bone271",
				"parent": "bone261",
				"pivot": [-0.2, 8, 2.65],
				"rotation": [0, 0, -40],
				"cubes": [
					{"origin": [-0.2, 4, -0.85], "size": [1.8, 4, 3.5], "uv": [105, 68]}
				]
			},
			{
				"name": "bone272",
				"parent": "bone271",
				"pivot": [1.55, 4, 2.65],
				"rotation": [0, 0, 30],
				"cubes": [
					{"origin": [-0.2, -0.5, -0.85], "size": [1.8, 4.5, 3.5], "uv": [105, 69]}
				]
			},
			{
				"name": "bone273",
				"parent": "bone260",
				"pivot": [0.1, 13, 2.65],
				"rotation": [10, 0, 15],
				"cubes": [
					{"origin": [-3.1, 9, -0.85], "size": [2.8, 4, 3.5], "uv": [114, 54]}
				]
			},
			{
				"name": "bone274",
				"parent": "bone273",
				"pivot": [-0.3, 9, 2.65],
				"rotation": [0, 0, 20],
				"cubes": [
					{"origin": [-3.1, 4, -0.85], "size": [2.8, 5, 3.5], "uv": [118, 85]}
				]
			},
			{
				"name": "bone275",
				"parent": "bone274",
				"pivot": [-3.05, 4, 2.65],
				"rotation": [0, 0, -15],
				"cubes": [
					{"origin": [-3.1, 0, -0.85], "size": [2.8, 4, 3.5], "uv": [118, 85]}
				]
			},
			{
				"name": "bone276",
				"parent": "bone275",
				"pivot": [-3.05, 4, 2.65],
				"cubes": [
					{"origin": [-3.2, -0.1, -0.95], "size": [0.2, 0.35, 1], "uv": [114, 6]},
					{"origin": [-3.2, 0.55, -0.95], "size": [0.2, 0.35, 1], "uv": [114, 6]},
					{"origin": [-3.2, 0.15, -0.95], "size": [0.2, 0.5, 0.35], "uv": [114, 6]},
					{"origin": [-3.2, 0.15, -0.3], "size": [0.2, 0.5, 0.35], "uv": [114, 6]}
				]
			},
			{
				"name": "bone277",
				"parent": "bone276",
				"pivot": [-3.1, -0.35, -0.45],
				"cubes": [
					{"origin": [-3.25, -1, -0.6], "size": [0.3, 1.3, 0.3], "uv": [36, 2]}
				]
			},
			{
				"name": "bone278",
				"parent": "bone277",
				"pivot": [-3.1, -0.7, -0.45],
				"rotation": [15, 0, 10],
				"cubes": [
					{"origin": [-3.35, -2, -0.7], "size": [0.5, 1.3, 0.5], "uv": [36, 2]}
				]
			},
			{
				"name": "bone279",
				"parent": "bone273",
				"pivot": [-0.3, 13, 2.65],
				"rotation": [0, 0, -10],
				"cubes": [
					{"origin": [-1.6, 8, -0.85], "size": [1.8, 5, 3.5], "uv": [114, 54]}
				]
			},
			{
				"name": "bone280",
				"parent": "bone279",
				"pivot": [0.2, 8, 2.65],
				"rotation": [0, 0, 40],
				"cubes": [
					{"origin": [-1.6, 4, -0.85], "size": [1.8, 4, 3.5], "uv": [104, 83]}
				]
			},
			{
				"name": "bone281",
				"parent": "bone280",
				"pivot": [-1.55, 4, 2.65],
				"rotation": [0, 0, -30],
				"cubes": [
					{"origin": [-1.6, -0.5, -0.85], "size": [1.8, 4.5, 3.5], "uv": [104, 83]}
				]
			},
			{
				"name": "cloth3",
				"parent": "cloth",
				"pivot": [0, 10.5, 0]
			},
			{
				"name": "bone282",
				"parent": "cloth3",
				"pivot": [0.75, 12.5, 0],
				"rotation": [0, 0, 10],
				"cubes": [
					{"origin": [-3.15, 7.5, -2], "size": [3.9, 6, 4], "uv": [36, 36]}
				]
			},
			{
				"name": "bone283",
				"parent": "cloth3",
				"pivot": [-0.75, 12.5, 0],
				"rotation": [0, 0, -10],
				"cubes": [
					{"origin": [-0.75, 7.5, -2], "size": [3.9, 6, 4], "uv": [22, 34]}
				]
			},
			{
				"name": "cloth4",
				"parent": "cloth",
				"pivot": [0, 10.5, 0]
			},
			{
				"name": "bone284",
				"parent": "cloth4",
				"pivot": [0, 10.5, 3.9],
				"rotation": [-10, 0, 0]
			},
			{
				"name": "bone285",
				"parent": "bone284",
				"pivot": [0, 10.5, 3.9],
				"cubes": [
					{"origin": [-0.35, 10, -3.6], "size": [0.7, 1.5, 0.5], "uv": [122, 40]},
					{"origin": [-0.25, 9.8, -3.5], "size": [0.5, 1.9, 0.3], "uv": [114, 7]}
				]
			},
			{
				"name": "bone286",
				"parent": "bone284",
				"pivot": [0, 10.75, -3.35],
				"rotation": [0, 0, 60],
				"cubes": [
					{"origin": [-0.35, 10, -3.6], "size": [0.7, 1.5, 0.5], "uv": [122, 40]},
					{"origin": [-0.25, 9.8, -3.5], "size": [0.5, 1.9, 0.3], "uv": [114, 8]}
				]
			},
			{
				"name": "bone287",
				"parent": "bone284",
				"pivot": [0, 10.75, -3.35],
				"rotation": [0, 0, 120],
				"cubes": [
					{"origin": [-0.35, 10, -3.6], "size": [0.7, 1.5, 0.5], "uv": [122, 40]},
					{"origin": [-0.25, 9.8, -3.5], "size": [0.5, 1.9, 0.3], "uv": [116, 3]}
				]
			},
			{
				"name": "bone288",
				"parent": "bone284",
				"pivot": [0.05, 10.7, -3.65],
				"rotation": [0, 0, -45],
				"cubes": [
					{"origin": [-0.2, 10.25, -3.65], "size": [0.75, 0.15, 0.5], "uv": [34, 51]},
					{"origin": [-0.45, 11.15, -3.65], "size": [0.75, 0.15, 0.5], "uv": [34, 51]},
					{"origin": [0.4, 10.55, -3.65], "size": [0.15, 0.75, 0.5], "uv": [34, 51]},
					{"origin": [-0.45, 10.3, -3.65], "size": [0.15, 0.75, 0.5], "uv": [34, 51]},
					{"origin": [-0.1, 10.65, -3.65], "size": [0.25, 0.25, 0.5], "uv": [116, 8]}
				]
			},
			{
				"name": "bone289",
				"parent": "bone284",
				"pivot": [0.45, 9.75, 3.9],
				"rotation": [-3, 0, 10],
				"cubes": [
					{"origin": [-0.55, 8.75, -3.1], "size": [0.5, 1, 0], "uv": [122, 40]}
				]
			},
			{
				"name": "bone290",
				"parent": "bone289",
				"pivot": [-0.05, 8.75, -3.1],
				"rotation": [0, 0, 15],
				"cubes": [
					{"origin": [-0.55, 7.75, -3.1], "size": [0.5, 1, 0], "uv": [122, 40]}
				]
			},
			{
				"name": "bone291",
				"parent": "bone290",
				"pivot": [-0.05, 7.75, -3.1],
				"rotation": [0, 0, 15],
				"cubes": [
					{"origin": [-0.55, 6.75, -3.1], "size": [0.5, 1, 0], "uv": [122, 40]}
				]
			},
			{
				"name": "bone292",
				"parent": "bone291",
				"pivot": [-0.3, 7, -3.1],
				"rotation": [0, 0, -45],
				"cubes": [
					{"origin": [-0.65, 6.65, -3.1], "size": [0.35, 0.35, 0], "uv": [122, 40]}
				]
			},
			{
				"name": "bone293",
				"parent": "bone292",
				"pivot": [-0.475, 6.825, -3.1],
				"rotation": [0, 0, -45],
				"cubes": [
					{"origin": [-1.9, 6.65, -3.2], "size": [1.2, 0.35, 0.2], "uv": [110, 7]}
				]
			},
			{
				"name": "bone294",
				"parent": "bone293",
				"pivot": [-0.475, 6.825, -3.1],
				"rotation": [0, 0, 10],
				"cubes": [
					{"origin": [-1.9, 6.65, -3.2], "size": [1.2, 0.35, 0.2], "uv": [110, 7]}
				]
			},
			{
				"name": "bone295",
				"parent": "bone284",
				"pivot": [1.2, 10, 3.9],
				"rotation": [-3, 0, -20],
				"cubes": [
					{"origin": [0.2, 9, -3.1], "size": [0.5, 1, 0], "uv": [122, 40]}
				]
			},
			{
				"name": "bone296",
				"parent": "bone295",
				"pivot": [0.7, 9, -3.1],
				"rotation": [0, 0, 15],
				"cubes": [
					{"origin": [0.2, 8, -3.1], "size": [0.5, 1, 0], "uv": [122, 40]}
				]
			},
			{
				"name": "bone297",
				"parent": "bone296",
				"pivot": [0.7, 8, -3.1],
				"rotation": [0, 0, 15],
				"cubes": [
					{"origin": [0.2, 7, -3.1], "size": [0.5, 1, 0], "uv": [122, 40]}
				]
			},
			{
				"name": "bone298",
				"parent": "bone297",
				"pivot": [0.45, 7.25, -3.1],
				"rotation": [0, 0, -45],
				"cubes": [
					{"origin": [0.1, 6.9, -3.1], "size": [0.35, 0.35, 0], "uv": [122, 40]}
				]
			},
			{
				"name": "bone299",
				"parent": "bone298",
				"pivot": [0.275, 7.075, -3.1],
				"rotation": [0, 0, -45],
				"cubes": [
					{"origin": [-1.15, 6.9, -3.2], "size": [1.2, 0.35, 0.2], "uv": [109, 7]}
				]
			},
			{
				"name": "bone300",
				"parent": "bone299",
				"pivot": [0.275, 7.075, -3.1],
				"rotation": [0, 0, 10],
				"cubes": [
					{"origin": [-1.15, 6.9, -3.2], "size": [1.2, 0.35, 0.2], "uv": [109, 7]}
				]
			},
			{
				"name": "bone301",
				"parent": "cloth4",
				"pivot": [0.5, 9.9, 3.55],
				"rotation": [-5, 0, 0]
			},
			{
				"name": "bone302",
				"parent": "bone301",
				"pivot": [0, 15.05, -3.2],
				"rotation": [0, 0, -45],
				"cubes": [
					{"origin": [-0.95962, 14.84038, -3.2], "size": [1, 0.25, 0.25], "uv": [114, 5]},
					{"origin": [-0.95962, 14.09038, -3.2], "size": [0.25, 0.75, 0.25], "uv": [114, 5]},
					{"origin": [-0.20962, 14.09038, -3.2], "size": [0.25, 0.75, 0.25], "uv": [114, 5]},
					{"origin": [-0.70962, 14.09038, -3.2], "size": [0.5, 0.25, 0.25], "uv": [114, 5]}
				]
			},
			{
				"name": "bone303",
				"parent": "bone301",
				"pivot": [0, 15.05, -3.2],
				"rotation": [0, 0, 60],
				"cubes": [
					{"origin": [-0.95962, 14.84038, -3.2], "size": [1, 0.25, 0.25], "uv": [114, 5]},
					{"origin": [-0.95962, 14.09038, -3.2], "size": [0.25, 0.75, 0.25], "uv": [114, 5]},
					{"origin": [-0.20962, 14.09038, -3.2], "size": [0.25, 0.75, 0.25], "uv": [114, 5]},
					{"origin": [-0.70962, 14.09038, -3.2], "size": [0.5, 0.25, 0.25], "uv": [114, 5]}
				]
			},
			{
				"name": "bone304",
				"parent": "bone301",
				"pivot": [0, 15.05, -3.2],
				"rotation": [0, 0, -60],
				"cubes": [
					{"origin": [-0.04038, 14.84038, -3.2], "size": [1, 0.25, 0.25], "uv": [114, 5]},
					{"origin": [0.70962, 14.09038, -3.2], "size": [0.25, 0.75, 0.25], "uv": [114, 5]},
					{"origin": [-0.04038, 14.09038, -3.2], "size": [0.25, 0.75, 0.25], "uv": [114, 5]},
					{"origin": [0.20962, 14.09038, -3.2], "size": [0.5, 0.25, 0.25], "uv": [114, 5]}
				]
			},
			{
				"name": "cloth5",
				"parent": "cloth",
				"pivot": [0, 10.5, 0]
			},
			{
				"name": "bone326",
				"parent": "cloth5",
				"pivot": [0, 7.75, -0.4],
				"rotation": [3, 0, 0]
			},
			{
				"name": "bone327",
				"parent": "bone326",
				"pivot": [0, 10.75, 3.35],
				"rotation": [10, 0, 0],
				"cubes": [
					{"origin": [-0.5, 12.21962, 3.1973], "size": [1, 1, 1.1], "uv": [108, 3]}
				]
			},
			{
				"name": "bone328",
				"parent": "bone327",
				"pivot": [-0.7, 11.55, 3.45],
				"rotation": [0, 0, 40],
				"cubes": [
					{"origin": [-2.96604, 12.30881, 3.3973], "size": [2, 1.25, 1], "uv": [108, 3], "inflate": -0.25}
				]
			},
			{
				"name": "bone329",
				"parent": "bone328",
				"pivot": [-2.7, 10.8, 3.65],
				"rotation": [0, 0, 55],
				"cubes": [
					{"origin": [-5.0143, 10.47585, 3.3473], "size": [1.25, 2, 1], "uv": [108, 3], "inflate": -0.25}
				]
			},
			{
				"name": "bone330",
				"parent": "bone329",
				"pivot": [-2.80218, 10.89752, 3.65],
				"rotation": [0, 0, 40],
				"cubes": [
					{"origin": [-4.44491, 9.25479, 3.2973], "size": [2, 1.25, 1], "uv": [108, 3], "inflate": -0.25}
				]
			},
			{
				"name": "bone331",
				"parent": "bone330",
				"pivot": [-1.30218, 10.89752, 3.65],
				"rotation": [0, 0, 35],
				"cubes": [
					{"origin": [-2.6442, 8.70782, 3.2473], "size": [1.25, 2, 1], "uv": [108, 3], "inflate": -0.25}
				]
			},
			{
				"name": "bone332",
				"parent": "bone331",
				"pivot": [-1.30218, 12.39752, 3.65],
				"rotation": [0, 0, 50],
				"cubes": [
					{"origin": [-1.78614, 9.8887, 3.1973], "size": [2, 1.25, 1], "uv": [108, 3], "inflate": -0.25}
				]
			},
			{
				"name": "bone333",
				"parent": "bone332",
				"pivot": [-2.80218, 12.39752, 3.65],
				"rotation": [5, 0, 30],
				"cubes": [
					{"origin": [-1.20135, 9.94616, 3.08726], "size": [1.25, 2, 1], "uv": [108, 3], "inflate": -0.25}
				]
			},
			{
				"name": "bone334",
				"parent": "bone333",
				"pivot": [-2.80218, 10.89752, 3.45],
				"rotation": [0, -5, 65],
				"cubes": [
					{"origin": [-1.6147, 12.02854, 2.9126], "size": [2, 1.25, 1], "uv": [108, 3], "inflate": -0.25}
				]
			},
			{
				"name": "bone335",
				"parent": "bone327",
				"pivot": [0.7, 11.55, 3.45],
				"rotation": [0, 0, -40],
				"cubes": [
					{"origin": [0.96604, 12.30881, 3.3973], "size": [2, 1.25, 1], "uv": [108, 3], "inflate": -0.25}
				]
			},
			{
				"name": "bone336",
				"parent": "bone335",
				"pivot": [2.7, 10.8, 3.65],
				"rotation": [0, 0, -55],
				"cubes": [
					{"origin": [3.7643, 10.47585, 3.3473], "size": [1.25, 2, 1], "uv": [108, 3], "inflate": -0.25}
				]
			},
			{
				"name": "bone337",
				"parent": "bone336",
				"pivot": [2.80218, 10.89752, 3.65],
				"rotation": [0, 0, -40],
				"cubes": [
					{"origin": [2.44491, 9.25479, 3.2973], "size": [2, 1.25, 1], "uv": [108, 3], "inflate": -0.25}
				]
			},
			{
				"name": "bone338",
				"parent": "bone337",
				"pivot": [1.30218, 10.89752, 3.65],
				"rotation": [0, 0, -35],
				"cubes": [
					{"origin": [1.3942, 8.70782, 3.2473], "size": [1.25, 2, 1], "uv": [108, 3], "inflate": -0.25}
				]
			},
			{
				"name": "bone339",
				"parent": "bone338",
				"pivot": [1.30218, 12.39752, 3.65],
				"rotation": [0, 0, -50],
				"cubes": [
					{"origin": [-0.21386, 9.8887, 3.1973], "size": [2, 1.25, 1], "uv": [108, 3], "inflate": -0.25}
				]
			},
			{
				"name": "bone340",
				"parent": "bone339",
				"pivot": [2.80218, 12.39752, 3.65],
				"rotation": [5, 0, -30],
				"cubes": [
					{"origin": [-0.04865, 9.94616, 3.08726], "size": [1.25, 2, 1], "uv": [108, 3], "inflate": -0.25}
				]
			},
			{
				"name": "bone341",
				"parent": "bone340",
				"pivot": [2.80218, 10.89752, 3.45],
				"rotation": [0, 5, -65],
				"cubes": [
					{"origin": [-0.3853, 12.02854, 2.9126], "size": [2, 1.25, 1], "uv": [108, 3], "inflate": -0.25}
				]
			},
			{
				"name": "bone342",
				"parent": "bone326",
				"pivot": [0, 7.30057, 0.82735],
				"rotation": [5, 0, 0]
			},
			{
				"name": "bone343",
				"parent": "bone342",
				"pivot": [-1.3125, 2.92557, 2.90235],
				"rotation": [10, 0, 15],
				"cubes": [
					{"origin": [-3.26764, 9.95307, 4.86281], "size": [1.25, 2, 1], "uv": [108, 3], "inflate": -0.25}
				]
			},
			{
				"name": "bone344",
				"parent": "bone343",
				"pivot": [-1.725, 8.30057, 5.27735],
				"rotation": [0, 0, 10],
				"cubes": [
					{"origin": [-3.59014, 8.33428, 4.81281], "size": [1.25, 2, 1], "uv": [108, 3], "inflate": -0.25}
				]
			},
			{
				"name": "bone345",
				"parent": "bone344",
				"pivot": [-1.75, 6.80057, 4.97735],
				"rotation": [0, 0, -165],
				"cubes": [
					{"origin": [-0.72683, 5.04508, 4.76281], "size": [1.25, 2, 1], "uv": [108, 3], "inflate": -0.25},
					{"origin": [-0.82683, 6.54508, 4.66281], "size": [1.45, 1.35, 1.2], "uv": [108, 3], "inflate": -0.25}
				]
			},
			{
				"name": "bone346",
				"parent": "bone345",
				"pivot": [-1.50897, 9.78262, 4.92735],
				"rotation": [0, 0, -15],
				"cubes": [
					{"origin": [-1.29383, 6.99891, 4.76281], "size": [1.25, 1.75, 1], "uv": [108, 3], "inflate": -0.25}
				]
			},
			{
				"name": "bone347",
				"parent": "bone342",
				"pivot": [1.3125, 2.92557, 2.90235],
				"rotation": [10, 0, -15],
				"cubes": [
					{"origin": [2.01764, 9.95307, 4.86281], "size": [1.25, 2, 1], "uv": [108, 3], "inflate": -0.25}
				]
			},
			{
				"name": "bone348",
				"parent": "bone347",
				"pivot": [1.725, 8.30057, 5.27735],
				"rotation": [0, 0, -10],
				"cubes": [
					{"origin": [2.34014, 8.33428, 4.81281], "size": [1.25, 2, 1], "uv": [108, 3], "inflate": -0.25}
				]
			},
			{
				"name": "bone349",
				"parent": "bone348",
				"pivot": [1.75, 6.80057, 4.97735],
				"rotation": [0, 0, 165],
				"cubes": [
					{"origin": [-0.52317, 5.04508, 4.76281], "size": [1.25, 2, 1], "uv": [108, 3], "inflate": -0.25},
					{"origin": [-0.62317, 6.54508, 4.66281], "size": [1.45, 1.35, 1.2], "uv": [108, 3], "inflate": -0.25}
				]
			},
			{
				"name": "bone350",
				"parent": "bone349",
				"pivot": [1.50897, 9.78262, 4.92735],
				"rotation": [0, 0, 15],
				"cubes": [
					{"origin": [0.04383, 6.99891, 4.76281], "size": [1.25, 1.75, 1], "uv": [108, 3], "inflate": -0.25}
				]
			},
			{
				"name": "bone352",
				"parent": "cloth5",
				"pivot": [0, 0, 1.3],
				"rotation": [5, 0, 0]
			},
			{
				"name": "bone351",
				"parent": "bone352",
				"pivot": [0, 13.25, 3.4],
				"rotation": [0, 0, -45],
				"cubes": [
					{"origin": [-1, 12.25, 3], "size": [3, 3, 1], "uv": [117, 37]},
					{"origin": [2, 11.75, 3], "size": [0.5, 4, 1], "uv": [109, 6]},
					{"origin": [-1.5, 11.75, 3], "size": [0.5, 4, 1], "uv": [109, 6]},
					{"origin": [-1, 15.25, 3], "size": [3, 0.5, 1], "uv": [109, 6]},
					{"origin": [-1, 11.75, 3], "size": [3, 0.5, 1], "uv": [109, 6]}
				]
			},
			{
				"name": "legRight",
				"pivot": [-2, 9, 0],
				"cubes": [
					{"origin": [-3.499, 1, -1.5], "size": [3, 8, 3], "uv": [12, 41]},
					{"origin": [-3.749, 0, -1.75], "size": [3.5, 1, 3.5], "uv": [51, 29]},
					{"origin": [-3.549, 4.5, -1.55], "size": [3.1, 0.5, 3.1], "uv": [94, 33]}
				]
			},
			{
				"name": "bone354",
				"parent": "legRight",
				"pivot": [0, -0.4, -0.15],
				"rotation": [-5, 0, 0]
			},
			{
				"name": "bone353",
				"parent": "bone354",
				"pivot": [-2, 1.1, -1.4],
				"rotation": [0, 0, -45],
				"cubes": [
					{"origin": [-2.5, 0.6, -1.9], "size": [1, 1, 1], "uv": [112, 6]}
				]
			},
			{
				"name": "bone355",
				"parent": "legRight",
				"pivot": [-3.55, 4.5, 0.25],
				"rotation": [0, 0, -90]
			},
			{
				"name": "bone356",
				"parent": "bone355",
				"pivot": [-3.55, 4.5, 0.25],
				"rotation": [0, 10, 0],
				"cubes": [
					{"origin": [-4.551, 4.5, -0.25], "size": [1, 0, 1], "uv": [121, 11]}
				]
			},
			{
				"name": "bone357",
				"parent": "bone355",
				"pivot": [-3.55, 4.5, 0.25],
				"rotation": [0, -10, 0],
				"cubes": [
					{"origin": [-4.551, 4.5, -0.25], "size": [1, 0, 1], "uv": [121, 11]}
				]
			},
			{
				"name": "bone358",
				"parent": "bone355",
				"pivot": [-3.55, 4.5, 0.25],
				"rotation": [0, -90, 0]
			},
			{
				"name": "bone359",
				"parent": "bone358",
				"pivot": [-3.55, 4.5, 0.25],
				"rotation": [0, 10, 0],
				"cubes": [
					{"origin": [-4.551, 4.5, -0.25], "size": [1, 0, 1], "uv": [121, 11]}
				]
			},
			{
				"name": "bone360",
				"parent": "bone358",
				"pivot": [-3.55, 4.5, 0.25],
				"rotation": [0, -10, 0],
				"cubes": [
					{"origin": [-4.551, 4.5, -0.25], "size": [1, 0, 1], "uv": [121, 11]}
				]
			},
			{
				"name": "bone361",
				"parent": "bone358",
				"pivot": [-3.55, 4.5, 0.25],
				"rotation": [0, -90, 0]
			},
			{
				"name": "bone362",
				"parent": "bone361",
				"pivot": [-3.55, 4.5, 0.25],
				"rotation": [0, 10, 0],
				"cubes": [
					{"origin": [-4.551, 4.5, -0.25], "size": [1, 0, 1], "uv": [121, 11]}
				]
			},
			{
				"name": "bone363",
				"parent": "bone361",
				"pivot": [-3.55, 4.5, 0.25],
				"rotation": [0, -10, 0],
				"cubes": [
					{"origin": [-4.551, 4.5, -0.25], "size": [1, 0, 1], "uv": [121, 11]}
				]
			},
			{
				"name": "bone364",
				"parent": "bone361",
				"pivot": [-3.55, 4.5, 0.25],
				"rotation": [0, -90, 0]
			},
			{
				"name": "bone365",
				"parent": "bone364",
				"pivot": [-3.55, 4.5, 0.25],
				"rotation": [0, 10, 0],
				"cubes": [
					{"origin": [-4.551, 4.5, -0.25], "size": [1, 0, 1], "uv": [121, 11]}
				]
			},
			{
				"name": "bone366",
				"parent": "bone364",
				"pivot": [-3.55, 4.5, 0.25],
				"rotation": [0, -10, 0],
				"cubes": [
					{"origin": [-4.551, 4.5, -0.25], "size": [1, 0, 1], "uv": [121, 11]}
				]
			},
			{
				"name": "legLeft",
				"pivot": [2, 9, 0],
				"cubes": [
					{"origin": [0.499, 1, -1.5], "size": [3, 8, 3], "uv": [0, 40]},
					{"origin": [0.249, 0, -1.75], "size": [3.5, 1, 3.5], "uv": [21, 0]},
					{"origin": [0.449, 4.5, -1.55], "size": [3.1, 0.5, 3.1], "uv": [95, 33]}
				]
			},
			{
				"name": "bone367",
				"parent": "legLeft",
				"pivot": [0, -0.4, -0.15],
				"rotation": [-5, 0, 0]
			},
			{
				"name": "bone368",
				"parent": "bone367",
				"pivot": [2, 1.1, -1.4],
				"rotation": [0, 0, 45],
				"cubes": [
					{"origin": [1.5, 0.6, -1.9], "size": [1, 1, 1], "uv": [108, 7]}
				]
			},
			{
				"name": "bone369",
				"parent": "legLeft",
				"pivot": [3.55, 4.5, 0.25],
				"rotation": [0, 0, 90]
			},
			{
				"name": "bone370",
				"parent": "bone369",
				"pivot": [3.55, 4.5, 0.25],
				"rotation": [0, -10, 0],
				"cubes": [
					{"origin": [3.551, 4.5, -0.25], "size": [1, 0, 1], "uv": [121, 11]}
				]
			},
			{
				"name": "bone371",
				"parent": "bone369",
				"pivot": [3.55, 4.5, 0.25],
				"rotation": [0, 10, 0],
				"cubes": [
					{"origin": [3.551, 4.5, -0.25], "size": [1, 0, 1], "uv": [121, 11]}
				]
			},
			{
				"name": "bone372",
				"parent": "bone369",
				"pivot": [3.55, 4.5, 0.25],
				"rotation": [0, 90, 0]
			},
			{
				"name": "bone373",
				"parent": "bone372",
				"pivot": [3.55, 4.5, 0.25],
				"rotation": [0, -10, 0],
				"cubes": [
					{"origin": [3.551, 4.5, -0.25], "size": [1, 0, 1], "uv": [121, 11]}
				]
			},
			{
				"name": "bone374",
				"parent": "bone372",
				"pivot": [3.55, 4.5, 0.25],
				"rotation": [0, 10, 0],
				"cubes": [
					{"origin": [3.551, 4.5, -0.25], "size": [1, 0, 1], "uv": [121, 11]}
				]
			},
			{
				"name": "bone375",
				"parent": "bone372",
				"pivot": [3.55, 4.5, 0.25],
				"rotation": [0, 90, 0]
			},
			{
				"name": "bone376",
				"parent": "bone375",
				"pivot": [3.55, 4.5, 0.25],
				"rotation": [0, -10, 0],
				"cubes": [
					{"origin": [3.551, 4.5, -0.25], "size": [1, 0, 1], "uv": [121, 11]}
				]
			},
			{
				"name": "bone377",
				"parent": "bone375",
				"pivot": [3.55, 4.5, 0.25],
				"rotation": [0, 10, 0],
				"cubes": [
					{"origin": [3.551, 4.5, -0.25], "size": [1, 0, 1], "uv": [121, 11]}
				]
			},
			{
				"name": "bone378",
				"parent": "bone375",
				"pivot": [3.55, 4.5, 0.25],
				"rotation": [0, 90, 0]
			},
			{
				"name": "bone379",
				"parent": "bone378",
				"pivot": [3.55, 4.5, 0.25],
				"rotation": [0, -10, 0],
				"cubes": [
					{"origin": [3.551, 4.5, -0.25], "size": [1, 0, 1], "uv": [121, 11]}
				]
			},
			{
				"name": "bone380",
				"parent": "bone378",
				"pivot": [3.55, 4.5, 0.25],
				"rotation": [0, 10, 0],
				"cubes": [
					{"origin": [3.551, 4.5, -0.25], "size": [1, 0, 1], "uv": [121, 11]}
				]
			}
		]
	}
}