{
	"format_version": "1.10.0",
	"geometry.model": {
		"texturewidth": 128,
		"textureheight": 128,
		"visible_bounds_width": 5,
		"visible_bounds_height": 4.5,
		"visible_bounds_offset": [0, 0.75, 0],
		"bones": [
			{
				"name": "head",
				"pivot": [0, 19, 0],
				"cubes": [
					{"origin": [-3.5, 18, -3.5], "size": [7, 7, 7], "uv": [0, 0]},
					{"origin": [-3, 18.5, -3], "size": [6, 7, 6], "uv": [0, 28]},
					{"origin": [-4, 18.5, -3], "size": [8, 6, 6], "uv": [0, 14]},
					{"origin": [-3, 18.5, -3], "size": [6, 6, 7], "uv": [21, 21]}
				]
			},
			{
				"name": "blink",
				"parent": "head",
				"pivot": [0, 17, -1],
				"cubes": [
					{"origin": [-3.5, 18, -3.501], "size": [7, 7, 0], "uv": [40, 6]}
				]
			},
			{
				"name": "hair",
				"parent": "head",
				"pivot": [0, 17, 0]
			},
			{
				"name": "hair1",
				"parent": "hair",
				"pivot": [-0.75, 22.7, -3.15],
				"rotation": [-10, 0, -2],
				"cubes": [
					{"origin": [-1.2151, 22.68421, -3.82354], "size": [1, 2, 1], "uv": [98, 0]}
				]
			},
			{
				"name": "hair2",
				"parent": "hair1",
				"pivot": [-1.25, 21.7, -3.65],
				"rotation": [10, 1, -10],
				"cubes": [
					{"origin": [-1.04173, 21.17807, -3.65009], "size": [1, 1.5, 1], "uv": [98, 0]}
				]
			},
			{
				"name": "bone2",
				"parent": "hair2",
				"pivot": [-1.25, 19.7, -3.65],
				"rotation": [10, 0, -15],
				"cubes": [
					{"origin": [-0.6576, 20.06049, -3.40891], "size": [1, 1, 1], "uv": [98, 0]}
				]
			},
			{
				"name": "hair3",
				"parent": "hair",
				"pivot": [0.1, 22.75, -3.15],
				"rotation": [-10, 0, -10],
				"cubes": [
					{"origin": [-0.22635, 22.71985, -3.82101], "size": [1, 2, 1], "uv": [98, 0]}
				]
			},
			{
				"name": "bone",
				"parent": "hair3",
				"pivot": [0.6, 21.75, -3.65],
				"rotation": [10, 0, 10],
				"cubes": [
					{"origin": [-0.3974, 21.24999, -3.64732], "size": [1, 1.5, 1], "uv": [98, 0]}
				]
			},
			{
				"name": "bone3",
				"parent": "bone",
				"pivot": [0.45007, 19.7504, -3.65452],
				"rotation": [10, 0, 10],
				"cubes": [
					{"origin": [-0.63748, 19.96334, -3.38051], "size": [1, 1.25, 1], "uv": [98, 0]}
				]
			},
			{
				"name": "hair4",
				"parent": "hair",
				"pivot": [0.55, 22.45, -3.15],
				"rotation": [-10, 0, 0],
				"cubes": [
					{"origin": [0.30882, 22.40125, -3.81773], "size": [1, 2, 1], "uv": [98, 0]}
				]
			},
			{
				"name": "bone4",
				"parent": "hair4",
				"pivot": [1.05, 21.46736, -3.55152],
				"rotation": [15, 0, 25],
				"cubes": [
					{"origin": [-0.11745, 20.70323, -3.548], "size": [1, 1.75, 1], "uv": [98, 0]}
				]
			},
			{
				"name": "hair5",
				"parent": "hair",
				"pivot": [-2.75, 21.5, -3.15],
				"rotation": [-10, 0, 20],
				"cubes": [
					{"origin": [-3.93404, 21.86154, -3.89508], "size": [1, 2.5, 1], "uv": [98, 0]}
				]
			},
			{
				"name": "bone16",
				"parent": "hair5",
				"pivot": [-3.25, 20, -3.65],
				"rotation": [5, 0, -10],
				"cubes": [
					{"origin": [-3.6004, 19.46597, -3.72401], "size": [1, 2.5, 1], "uv": [98, 0]}
				]
			},
			{
				"name": "bone5",
				"parent": "bone16",
				"pivot": [-3.42427, 18.48469, -3.64606],
				"rotation": [5, 0, -15],
				"cubes": [
					{"origin": [-3.34042, 17.48113, -3.63713], "size": [1, 2, 1], "uv": [98, 0]}
				]
			},
			{
				"name": "bone8",
				"parent": "bone5",
				"pivot": [-3.42427, 16.48469, -3.64606],
				"rotation": [0, 0, -15],
				"cubes": [
					{"origin": [-3.08538, 15.82547, -3.63713], "size": [1, 1.6, 1], "uv": [98, 0]}
				]
			},
			{
				"name": "bone10",
				"parent": "bone8",
				"pivot": [-2.42427, 14.88469, -2.64606],
				"rotation": [-5, 0, 10],
				"cubes": [
					{"origin": [-3.3539, 14.36706, -3.82304], "size": [1.2, 1.5, 1.2], "uv": [103, 0]},
					{"origin": [-3.8039, 15.11706, -4.27304], "size": [2.1, 1, 2.1], "uv": [109, 0], "inflate": -0.4},
					{"origin": [-3.8039, 14.11706, -4.27304], "size": [2.1, 1, 2.1], "uv": [109, 0], "inflate": -0.4}
				]
			},
			{
				"name": "bone11",
				"parent": "bone10",
				"pivot": [-2.42427, 13.38469, -3.64606],
				"rotation": [5, 0, 25],
				"cubes": [
					{"origin": [-3.58503, 12.85007, -3.63888], "size": [0.75, 1.5, 1], "uv": [98, 0]}
				]
			},
			{
				"name": "bone12",
				"parent": "bone11",
				"pivot": [-2.42427, 13.38469, -3.64606],
				"rotation": [4, 0, -5],
				"cubes": [
					{"origin": [-3.3499, 12.36622, -3.57022], "size": [0.75, 2, 1], "uv": [98, 0]}
				]
			},
			{
				"name": "hair6",
				"parent": "hair",
				"pivot": [-2.5, 21.7, -3.05],
				"rotation": [-10, 0, 17],
				"cubes": [
					{"origin": [-3.63439, 22.0779, -3.79796], "size": [1, 2.5, 1], "uv": [98, 0]}
				]
			},
			{
				"name": "bone6",
				"parent": "hair6",
				"pivot": [-3, 20.2, -3.55],
				"rotation": [5, 0, -10],
				"cubes": [
					{"origin": [-3.29866, 19.67368, -3.62623], "size": [1, 2.5, 1], "uv": [98, 0]}
				]
			},
			{
				"name": "bone7",
				"parent": "bone6",
				"pivot": [-3.17427, 18.68469, -3.54606],
				"rotation": [4, 0, -12],
				"cubes": [
					{"origin": [-3.09032, 17.6811, -3.55675], "size": [1, 2, 1], "uv": [98, 0]}
				]
			},
			{
				"name": "bone9",
				"parent": "bone7",
				"pivot": [-2.17427, 16.68469, -3.54606],
				"rotation": [1, 0, 2],
				"cubes": [
					{"origin": [-3.12515, 16.38346, -3.53932], "size": [1, 1.3, 1], "uv": [98, 0]}
				]
			},
			{
				"name": "hair7",
				"parent": "hair",
				"pivot": [2.75, 21.5, -3.15],
				"rotation": [-10, 0, -20],
				"cubes": [
					{"origin": [2.93404, 21.86154, -3.89508], "size": [1, 2.5, 1], "uv": [98, 0]}
				]
			},
			{
				"name": "bone13",
				"parent": "hair7",
				"pivot": [3.25, 20, -3.65],
				"rotation": [5, 0, 10],
				"cubes": [
					{"origin": [2.6004, 19.46597, -3.72401], "size": [1, 2.5, 1], "uv": [98, 0]}
				]
			},
			{
				"name": "bone14",
				"parent": "bone13",
				"pivot": [3.42427, 18.48469, -3.64606],
				"rotation": [5, 0, 15],
				"cubes": [
					{"origin": [2.34042, 17.48113, -3.63713], "size": [1, 2, 1], "uv": [98, 0]}
				]
			},
			{
				"name": "bone15",
				"parent": "bone14",
				"pivot": [3.42427, 16.48469, -3.64606],
				"rotation": [0, 0, 15],
				"cubes": [
					{"origin": [2.08538, 15.82547, -3.63713], "size": [1, 1.6, 1], "uv": [98, 0]}
				]
			},
			{
				"name": "bone17",
				"parent": "bone15",
				"pivot": [2.42427, 14.88469, -2.64606],
				"rotation": [-5, 0, -10],
				"cubes": [
					{"origin": [2.1539, 14.36706, -3.82304], "size": [1.2, 1.5, 1.2], "uv": [103, 0]},
					{"origin": [1.7039, 15.11706, -4.27304], "size": [2.1, 1, 2.1], "uv": [109, 0], "inflate": -0.4},
					{"origin": [1.7039, 14.11706, -4.27304], "size": [2.1, 1, 2.1], "uv": [109, 0], "inflate": -0.4}
				]
			},
			{
				"name": "bone18",
				"parent": "bone17",
				"pivot": [2.42427, 13.38469, -3.64606],
				"rotation": [5, 0, -25],
				"cubes": [
					{"origin": [2.83503, 12.85007, -3.63888], "size": [0.75, 1.5, 1], "uv": [98, 0]}
				]
			},
			{
				"name": "bone19",
				"parent": "bone18",
				"pivot": [2.42427, 13.38469, -3.64606],
				"rotation": [4, 0, 5],
				"cubes": [
					{"origin": [2.5999, 12.36622, -3.57022], "size": [0.75, 2, 1], "uv": [98, 0]}
				]
			},
			{
				"name": "hair8",
				"parent": "hair",
				"pivot": [2.5, 21.7, -3.05],
				"rotation": [-10, 0, -17],
				"cubes": [
					{"origin": [2.63439, 22.0779, -3.79796], "size": [1, 2.5, 1], "uv": [98, 0]}
				]
			},
			{
				"name": "bone20",
				"parent": "hair8",
				"pivot": [3, 20.2, -3.55],
				"rotation": [5, 0, 10],
				"cubes": [
					{"origin": [2.29866, 19.67368, -3.62623], "size": [1, 2.5, 1], "uv": [98, 0]}
				]
			},
			{
				"name": "bone21",
				"parent": "bone20",
				"pivot": [3.17427, 18.68469, -3.54606],
				"rotation": [4, 0, 12],
				"cubes": [
					{"origin": [2.09032, 17.6811, -3.55675], "size": [1, 2, 1], "uv": [98, 0]}
				]
			},
			{
				"name": "bone22",
				"parent": "bone21",
				"pivot": [2.17427, 16.68469, -3.54606],
				"rotation": [1, 0, -2],
				"cubes": [
					{"origin": [2.12515, 16.38346, -3.53932], "size": [1, 1.3, 1], "uv": [98, 0]}
				]
			},
			{
				"name": "hair9",
				"parent": "hair",
				"pivot": [0, 24, 5],
				"rotation": [10, 0, 5]
			},
			{
				"name": "bone43",
				"parent": "hair9",
				"pivot": [0.25, 18, -1.25]
			},
			{
				"name": "bone44",
				"parent": "bone43",
				"pivot": [0.25, 24, 4.75],
				"rotation": [-5, 0, -5],
				"cubes": [
					{"origin": [-0.75, 18, 3.75], "size": [2, 6, 2], "uv": [16, 112]}
				]
			},
			{
				"name": "bone48",
				"parent": "bone44",
				"pivot": [1.25, 18, 3.75],
				"rotation": [10, 0, 10],
				"cubes": [
					{"origin": [-0.75, 16, 3.75], "size": [2, 2, 2], "uv": [16, 112]}
				]
			},
			{
				"name": "bone45",
				"parent": "hair9",
				"pivot": [-0.25, 18, -1.25]
			},
			{
				"name": "bone46",
				"parent": "bone45",
				"pivot": [-0.25, 24, 4.75],
				"rotation": [-5, 0, 5],
				"cubes": [
					{"origin": [-1.25, 18, 3.75], "size": [2, 6, 2], "uv": [16, 112], "mirror": true}
				]
			},
			{
				"name": "bone47",
				"parent": "bone46",
				"pivot": [-1.25, 18, 3.75],
				"rotation": [10, 0, -10],
				"cubes": [
					{"origin": [-1.25, 16, 3.75], "size": [2, 2, 2], "uv": [16, 112], "mirror": true}
				]
			},
			{
				"name": "bone49",
				"parent": "hair9",
				"pivot": [0.25, 18, 11.25]
			},
			{
				"name": "bone50",
				"parent": "bone49",
				"pivot": [0.25, 24, 5.25],
				"rotation": [5, 0, -5],
				"cubes": [
					{"origin": [-0.75, 18, 4.25], "size": [2, 6, 2], "uv": [16, 112]}
				]
			},
			{
				"name": "bone51",
				"parent": "bone50",
				"pivot": [1.25, 18, 6.25],
				"rotation": [-10, 0, 10],
				"cubes": [
					{"origin": [-0.75, 16, 4.25], "size": [2, 2, 2], "uv": [16, 112]}
				]
			},
			{
				"name": "bone52",
				"parent": "hair9",
				"pivot": [-0.25, 18, 11.25]
			},
			{
				"name": "bone53",
				"parent": "bone52",
				"pivot": [-0.25, 24, 5.25],
				"rotation": [5, 0, 5],
				"cubes": [
					{"origin": [-1.25, 18, 4.25], "size": [2, 6, 2], "uv": [16, 112], "mirror": true}
				]
			},
			{
				"name": "bone54",
				"parent": "bone53",
				"pivot": [-1.25, 18, 6.25],
				"rotation": [-10, 0, -10],
				"cubes": [
					{"origin": [-1.25, 16, 4.25], "size": [2, 2, 2], "uv": [16, 112], "mirror": true}
				]
			},
			{
				"name": "hair10",
				"parent": "hair9",
				"pivot": [0, 16, 5],
				"rotation": [-15, 0, -10]
			},
			{
				"name": "bone55",
				"parent": "hair10",
				"pivot": [0.5, 16, 5.5],
				"rotation": [20, 0, -20],
				"cubes": [
					{"origin": [-0.5, 14, 4.5], "size": [2, 2, 2], "uv": [16, 112]}
				]
			},
			{
				"name": "bone59",
				"parent": "bone55",
				"pivot": [1.5, 14, 6.5],
				"rotation": [-25, 5, 25],
				"cubes": [
					{"origin": [-0.5, 11, 4.5], "size": [2, 3, 2], "uv": [16, 112]}
				]
			},
			{
				"name": "bone60",
				"parent": "bone59",
				"pivot": [1.5, 11, 6.5],
				"rotation": [-10, 0, 10],
				"cubes": [
					{"origin": [-0.5, 9, 4.5], "size": [2, 2, 2], "uv": [16, 112]}
				]
			},
			{
				"name": "bone61",
				"parent": "hair10",
				"pivot": [-0.5, 16, 5.5],
				"rotation": [20, 0, 20],
				"cubes": [
					{"origin": [-1.5, 14, 4.5], "size": [2, 2, 2], "uv": [16, 112], "mirror": true}
				]
			},
			{
				"name": "bone62",
				"parent": "bone61",
				"pivot": [-1.5, 14, 6.5],
				"rotation": [-25, -5, -25],
				"cubes": [
					{"origin": [-1.5, 11, 4.5], "size": [2, 3, 2], "uv": [16, 112], "mirror": true}
				]
			},
			{
				"name": "bone63",
				"parent": "bone62",
				"pivot": [-1.5, 11, 6.5],
				"rotation": [-10, 0, -10],
				"cubes": [
					{"origin": [-1.5, 9, 4.5], "size": [2, 2, 2], "uv": [16, 112], "mirror": true}
				]
			},
			{
				"name": "bone64",
				"parent": "hair10",
				"pivot": [0.5, 16, 4.5],
				"rotation": [-20, 0, -20],
				"cubes": [
					{"origin": [-0.5, 14, 3.5], "size": [2, 2, 2], "uv": [16, 112]}
				]
			},
			{
				"name": "bone65",
				"parent": "bone64",
				"pivot": [1.5, 14, 3.5],
				"rotation": [25, -5, 25],
				"cubes": [
					{"origin": [-0.5, 11, 3.5], "size": [2, 3, 2], "uv": [16, 112]}
				]
			},
			{
				"name": "bone66",
				"parent": "bone65",
				"pivot": [1.5, 11, 3.5],
				"rotation": [10, 0, 10],
				"cubes": [
					{"origin": [-0.5, 9, 3.5], "size": [2, 2, 2], "uv": [16, 112]}
				]
			},
			{
				"name": "bone67",
				"parent": "hair10",
				"pivot": [-0.5, 16, 4.5],
				"rotation": [-20, 0, 20],
				"cubes": [
					{"origin": [-1.5, 14, 3.5], "size": [2, 2, 2], "uv": [16, 112], "mirror": true}
				]
			},
			{
				"name": "bone82",
				"parent": "bone67",
				"pivot": [-1.5, 14, 3.5],
				"rotation": [25, 5, -25],
				"cubes": [
					{"origin": [-1.5, 11, 3.5], "size": [2, 3, 2], "uv": [16, 112], "mirror": true}
				]
			},
			{
				"name": "bone83",
				"parent": "bone82",
				"pivot": [-1.5, 11, 3.5],
				"rotation": [10, 0, -10],
				"cubes": [
					{"origin": [-1.5, 9, 3.5], "size": [2, 2, 2], "uv": [16, 112], "mirror": true}
				]
			},
			{
				"name": "hair11",
				"parent": "hair10",
				"pivot": [0, 10, 5],
				"rotation": [20, 0, 15]
			},
			{
				"name": "bone89",
				"parent": "hair11",
				"pivot": [0.25, 10, 4.6],
				"rotation": [-10, 0, -10],
				"cubes": [
					{"origin": [-0.5, 8.5, 3.85], "size": [1.5, 1.5, 1.5], "uv": [16, 112]}
				]
			},
			{
				"name": "bone90",
				"parent": "bone89",
				"pivot": [1, 8.5, 3.85],
				"rotation": [20, 0, 20],
				"cubes": [
					{"origin": [-0.5, 5.5, 3.85], "size": [1.5, 3, 1.5], "uv": [16, 112]}
				]
			},
			{
				"name": "bone91",
				"parent": "hair11",
				"pivot": [-0.25, 10, 4.6],
				"rotation": [-10, 0, 10],
				"cubes": [
					{"origin": [-1, 8.5, 3.85], "size": [1.5, 1.5, 1.5], "uv": [16, 112], "mirror": true}
				]
			},
			{
				"name": "bone92",
				"parent": "bone91",
				"pivot": [-1, 8.5, 3.85],
				"rotation": [20, 0, -20],
				"cubes": [
					{"origin": [-1, 5.5, 3.85], "size": [1.5, 3, 1.5], "uv": [16, 112], "mirror": true}
				]
			},
			{
				"name": "bone93",
				"parent": "hair11",
				"pivot": [-0.25, 10, 5.4],
				"rotation": [10, 0, 10],
				"cubes": [
					{"origin": [-1, 8.5, 4.65], "size": [1.5, 1.5, 1.5], "uv": [16, 112], "mirror": true}
				]
			},
			{
				"name": "bone94",
				"parent": "bone93",
				"pivot": [-1, 8.5, 6.15],
				"rotation": [-20, 0, -20],
				"cubes": [
					{"origin": [-1, 5.5, 4.65], "size": [1.5, 3, 1.5], "uv": [16, 112], "mirror": true}
				]
			},
			{
				"name": "bone95",
				"parent": "hair11",
				"pivot": [0.25, 10, 5.4],
				"rotation": [10, 0, -10],
				"cubes": [
					{"origin": [-0.5, 8.5, 4.65], "size": [1.5, 1.5, 1.5], "uv": [16, 112]}
				]
			},
			{
				"name": "bone96",
				"parent": "bone95",
				"pivot": [1, 8.5, 6.15],
				"rotation": [-20, 0, 20],
				"cubes": [
					{"origin": [-0.5, 5.5, 4.65], "size": [1.5, 3, 1.5], "uv": [16, 112]}
				]
			},
			{
				"name": "bone198",
				"parent": "hair9",
				"pivot": [0, 24, 5]
			},
			{
				"name": "bone199",
				"parent": "bone198",
				"pivot": [0.63607, 6.30173, 3.72613],
				"rotation": [20, 0, -5],
				"cubes": [
					{"origin": [0.13607, 3.80173, 3.22613], "size": [1, 2.5, 1], "uv": [16, 112]}
				]
			},
			{
				"name": "bone200",
				"parent": "bone198",
				"pivot": [0.88512, 6.3666, 3.48371],
				"rotation": [10, 0, -20],
				"cubes": [
					{"origin": [0.38512, 4.1166, 2.98371], "size": [1, 2.25, 1], "uv": [16, 112]}
				]
			},
			{
				"name": "oni",
				"parent": "head",
				"pivot": [0, 17, 0]
			},
			{
				"name": "bone23",
				"parent": "oni",
				"pivot": [-1.75, 22.85, -3.5],
				"rotation": [25, 0, -10],
				"cubes": [
					{"origin": [-2.07635, 22.74254, -3.5838], "size": [0.8, 2, 1], "uv": [17, 2]}
				]
			},
			{
				"name": "bone25",
				"parent": "bone23",
				"pivot": [-2.25, 23.85, -4],
				"rotation": [-15, 0, 5],
				"cubes": [
					{"origin": [-2.1548, 24.83118, -3.83203], "size": [0.55, 2, 0.75], "uv": [17, 2]}
				]
			},
			{
				"name": "bone26",
				"parent": "bone25",
				"pivot": [-1.4, 23.85, -4],
				"rotation": [0, 0, -5],
				"cubes": [
					{"origin": [-1.74933, 24.8476, -3.83203], "size": [0.55, 2, 0.75], "uv": [17, 2]}
				]
			},
			{
				"name": "bone27",
				"parent": "bone26",
				"pivot": [-2.17968, 25.87845, -3.25],
				"rotation": [5, 0, 0],
				"cubes": [
					{"origin": [-1.74933, 24.72928, -3.7482], "size": [0.55, 2.1, 0.75], "uv": [17, 2]}
				]
			},
			{
				"name": "bone32",
				"parent": "bone27",
				"pivot": [-1.62968, 25.87845, -3.6],
				"rotation": [-10, 0, 5],
				"cubes": [
					{"origin": [-1.58289, 26.87047, -3.41924], "size": [0.3, 1.75, 0.25], "uv": [17, 2]}
				]
			},
			{
				"name": "bone31",
				"parent": "bone26",
				"pivot": [-1.9, 25.85, -4],
				"rotation": [-14, 0, 5],
				"cubes": [
					{"origin": [-1.83448, 26.87113, -4.07439], "size": [0.55, 1.9, 0.5], "uv": [17, 2]}
				]
			},
			{
				"name": "bone28",
				"parent": "bone25",
				"pivot": [-1.45, 24.1, -3.15],
				"rotation": [5, 0, 0],
				"cubes": [
					{"origin": [-2.1548, 24.96487, -3.59425], "size": [0.55, 1.85, 0.75], "uv": [17, 2]}
				]
			},
			{
				"name": "bone30",
				"parent": "bone28",
				"pivot": [-2.25, 25.85206, -3.4471],
				"rotation": [-10, 0, 5],
				"cubes": [
					{"origin": [-2.23908, 26.84871, -3.41609], "size": [0.45, 1.75, 0.4], "uv": [17, 2]}
				]
			},
			{
				"name": "bone29",
				"parent": "bone25",
				"pivot": [-2.25, 25.85, -4],
				"rotation": [-15, 0, 5],
				"cubes": [
					{"origin": [-2.24068, 26.84563, -4.09288], "size": [0.5, 1.75, 0.4], "uv": [17, 2]}
				]
			},
			{
				"name": "bone24",
				"parent": "bone23",
				"pivot": [-1.65152, 23.83323, -3.50449],
				"rotation": [0, 0, -5],
				"cubes": [
					{"origin": [-1.65074, 22.70724, -3.58829], "size": [0.5, 2, 1], "uv": [17, 2]}
				]
			},
			{
				"name": "bone33",
				"parent": "oni",
				"pivot": [1.75, 22.85, -3.5],
				"rotation": [25, 0, 10],
				"cubes": [
					{"origin": [1.27635, 22.74254, -3.5838], "size": [0.8, 2, 1], "uv": [17, 2]}
				]
			},
			{
				"name": "bone34",
				"parent": "bone33",
				"pivot": [2.25, 23.85, -4],
				"rotation": [-15, 0, -5],
				"cubes": [
					{"origin": [1.6048, 24.83118, -3.83203], "size": [0.55, 2, 0.75], "uv": [17, 2]}
				]
			},
			{
				"name": "bone35",
				"parent": "bone34",
				"pivot": [1.4, 23.85, -4],
				"rotation": [0, 0, 5],
				"cubes": [
					{"origin": [1.19933, 24.8476, -3.83203], "size": [0.55, 2, 0.75], "uv": [17, 2]}
				]
			},
			{
				"name": "bone36",
				"parent": "bone35",
				"pivot": [2.17968, 25.87845, -3.25],
				"rotation": [5, 0, 0],
				"cubes": [
					{"origin": [1.19933, 24.72928, -3.7482], "size": [0.55, 2.1, 0.75], "uv": [17, 2]}
				]
			},
			{
				"name": "bone37",
				"parent": "bone36",
				"pivot": [1.62968, 25.87845, -3.6],
				"rotation": [-10, 0, -5],
				"cubes": [
					{"origin": [1.28289, 26.87047, -3.41924], "size": [0.3, 1.75, 0.25], "uv": [17, 2]}
				]
			},
			{
				"name": "bone38",
				"parent": "bone35",
				"pivot": [1.9, 25.85, -4],
				"rotation": [-14, 0, -5],
				"cubes": [
					{"origin": [1.28448, 26.87113, -4.07439], "size": [0.55, 1.9, 0.5], "uv": [17, 2]}
				]
			},
			{
				"name": "bone39",
				"parent": "bone34",
				"pivot": [1.45, 24.1, -3.15],
				"rotation": [5, 0, 0],
				"cubes": [
					{"origin": [1.6048, 24.96487, -3.59425], "size": [0.55, 1.85, 0.75], "uv": [17, 2]}
				]
			},
			{
				"name": "bone40",
				"parent": "bone39",
				"pivot": [2.25, 25.85206, -3.4471],
				"rotation": [-10, 0, -5],
				"cubes": [
					{"origin": [1.78908, 26.84871, -3.41609], "size": [0.45, 1.75, 0.4], "uv": [17, 2]}
				]
			},
			{
				"name": "bone41",
				"parent": "bone34",
				"pivot": [2.25, 25.85, -4],
				"rotation": [-15, 0, -5],
				"cubes": [
					{"origin": [1.74068, 26.84563, -4.09288], "size": [0.5, 1.75, 0.4], "uv": [17, 2]}
				]
			},
			{
				"name": "bone42",
				"parent": "bone33",
				"pivot": [1.65152, 23.83323, -3.50449],
				"rotation": [0, 0, 5],
				"cubes": [
					{"origin": [1.15074, 22.70724, -3.58829], "size": [0.5, 2, 1], "uv": [17, 2]}
				]
			},
			{
				"name": "toushi",
				"parent": "head",
				"pivot": [0, 17.25, -0.25]
			},
			{
				"name": "toushi3",
				"parent": "toushi",
				"pivot": [0, 17.25, -0.25]
			},
			{
				"name": "bone104",
				"parent": "toushi3",
				"pivot": [0, 17.25, -0.5]
			},
			{
				"name": "bone97",
				"parent": "bone104",
				"pivot": [-0.5, 16.75, 8],
				"rotation": [-20, 0, -50],
				"cubes": [
					{"origin": [-1.25, 16.25, 7.5], "size": [1.5, 1, 1], "uv": [21, 98]}
				]
			},
			{
				"name": "bone103",
				"parent": "bone104",
				"pivot": [0.75, 16.75, 8],
				"rotation": [-20, 0, -50],
				"cubes": [
					{"origin": [0, 16.25, 7.5], "size": [1.5, 1, 1], "uv": [16, 98]}
				]
			},
			{
				"name": "bone102",
				"parent": "bone104",
				"pivot": [-1.75, 16.75, 8],
				"rotation": [-20, 0, -50],
				"cubes": [
					{"origin": [-2.5, 16.25, 7.5], "size": [1.5, 1, 1], "uv": [16, 98]}
				]
			},
			{
				"name": "bone117",
				"parent": "toushi3",
				"pivot": [1.25, 17, 8.25],
				"rotation": [0, 90, 0]
			},
			{
				"name": "bone120",
				"parent": "bone117",
				"pivot": [3.25, 16.75, 8],
				"rotation": [-20, 0, -50],
				"cubes": [
					{"origin": [2.5, 16.25, 7.5], "size": [1.5, 1, 1], "uv": [16, 98]}
				]
			},
			{
				"name": "bone125",
				"parent": "bone117",
				"pivot": [4.5, 16.75, 8],
				"rotation": [-20, 0, -50],
				"cubes": [
					{"origin": [3.75, 16.25, 7.5], "size": [1.5, 1, 1], "uv": [21, 98]}
				]
			},
			{
				"name": "bone126",
				"parent": "bone117",
				"pivot": [2, 16.75, 8],
				"rotation": [-20, 0, -50],
				"cubes": [
					{"origin": [1.25, 16.25, 7.5], "size": [1.5, 1, 1], "uv": [21, 98]}
				]
			},
			{
				"name": "bone127",
				"parent": "toushi3",
				"pivot": [1.25, 17, 4.25],
				"rotation": [0, 180, 0]
			},
			{
				"name": "bone128",
				"parent": "bone127",
				"pivot": [3.25, 16.75, 4],
				"rotation": [-20, 0, -50],
				"cubes": [
					{"origin": [2.5, 16.25, 3.5], "size": [1.5, 1, 1], "uv": [21, 98]}
				]
			},
			{
				"name": "bone129",
				"parent": "bone127",
				"pivot": [4.5, 16.75, 4],
				"rotation": [-20, 0, -50],
				"cubes": [
					{"origin": [3.75, 16.25, 3.5], "size": [1.5, 1, 1], "uv": [16, 98]}
				]
			},
			{
				"name": "bone130",
				"parent": "bone127",
				"pivot": [2, 16.75, 4],
				"rotation": [-20, 0, -50],
				"cubes": [
					{"origin": [1.25, 16.25, 3.5], "size": [1.5, 1, 1], "uv": [16, 98]}
				]
			},
			{
				"name": "bone131",
				"parent": "toushi3",
				"pivot": [-2.5, 17, 4.25],
				"rotation": [0, -90, 0]
			},
			{
				"name": "bone132",
				"parent": "bone131",
				"pivot": [-0.5, 16.75, 4],
				"rotation": [-20, 0, -50],
				"cubes": [
					{"origin": [-1.25, 16.25, 3.5], "size": [1.5, 1, 1], "uv": [16, 98]}
				]
			},
			{
				"name": "bone133",
				"parent": "bone131",
				"pivot": [0.75, 16.75, 4],
				"rotation": [-20, 0, -50],
				"cubes": [
					{"origin": [0, 16.25, 3.5], "size": [1.5, 1, 1], "uv": [21, 98]}
				]
			},
			{
				"name": "bone134",
				"parent": "bone131",
				"pivot": [-1.75, 16.75, 4],
				"rotation": [-20, 0, -50],
				"cubes": [
					{"origin": [-2.5, 16.25, 3.5], "size": [1.5, 1, 1], "uv": [21, 98]}
				]
			},
			{
				"name": "bone135",
				"parent": "toushi3",
				"pivot": [0, 17.25, -0.25]
			},
			{
				"name": "bone136",
				"parent": "bone135",
				"pivot": [-0.25, 15.5, 7.75],
				"rotation": [20, 0, -5],
				"cubes": [
					{"origin": [-0.75, 14.75, 7.25], "size": [1, 1.5, 1], "uv": [21, 98]}
				]
			},
			{
				"name": "bone137",
				"parent": "bone136",
				"pivot": [-0.25, 14.7842, 7.65603],
				"rotation": [5, 0, -10],
				"cubes": [
					{"origin": [-0.75, 13.2842, 7.15603], "size": [1, 1.5, 1], "uv": [16, 98]}
				]
			},
			{
				"name": "bone138",
				"parent": "bone137",
				"pivot": [-0.24406, 13.32595, 7.56535],
				"rotation": [5, 0, -10],
				"cubes": [
					{"origin": [-0.74406, 11.82595, 7.06535], "size": [1, 1.5, 1], "uv": [21, 98]}
				]
			},
			{
				"name": "bone139",
				"parent": "bone135",
				"pivot": [-0.75, 15.5, 7.95],
				"rotation": [25, 0, 20],
				"cubes": [
					{"origin": [-1.25, 14.75, 7.45], "size": [1, 1.5, 1], "uv": [16, 98]}
				]
			},
			{
				"name": "bone140",
				"parent": "bone139",
				"pivot": [-0.75, 14.7842, 7.85603],
				"rotation": [5, 0, -10],
				"cubes": [
					{"origin": [-1.25, 13.2842, 7.35603], "size": [1, 1.5, 1], "uv": [21, 98]}
				]
			},
			{
				"name": "bone147",
				"parent": "bone140",
				"pivot": [-0.74406, 13.32595, 7.76535],
				"rotation": [5, 0, -10],
				"cubes": [
					{"origin": [-1.24406, 11.82595, 7.26535], "size": [1, 1.5, 1], "uv": [16, 98]}
				]
			},
			{
				"name": "bone148",
				"parent": "bone147",
				"pivot": [-0.72826, 11.88066, 7.68315],
				"rotation": [5, 0, -10],
				"cubes": [
					{"origin": [-1.22826, 10.38066, 7.18315], "size": [1, 1.5, 1], "uv": [21, 98]}
				]
			},
			{
				"name": "toushi4",
				"parent": "toushi",
				"pivot": [0, 10.25, 4.75],
				"rotation": [5, 0, 0]
			},
			{
				"name": "bone150",
				"parent": "toushi4",
				"pivot": [1, 10.5, 7.5]
			},
			{
				"name": "bone149",
				"parent": "bone150",
				"pivot": [1, 10.5, 6],
				"rotation": [30, -10, 0],
				"cubes": [
					{"origin": [0.5, 9.75, 5.5], "size": [1, 1.25, 1], "uv": [16, 98], "inflate": -0.1}
				]
			},
			{
				"name": "bone151",
				"parent": "bone150",
				"pivot": [1, 10.5, 6.9],
				"rotation": [30, -10, 0],
				"cubes": [
					{"origin": [0.5, 9.75, 6.4], "size": [1, 1.25, 1], "uv": [21, 98], "inflate": -0.1}
				]
			},
			{
				"name": "bone152",
				"parent": "bone150",
				"pivot": [1, 10.5, 5.1],
				"rotation": [30, -10, 0],
				"cubes": [
					{"origin": [0.5, 9.75, 4.6], "size": [1, 1.25, 1], "uv": [21, 98], "inflate": -0.1}
				]
			},
			{
				"name": "bone153",
				"parent": "toushi4",
				"pivot": [-1.75, 10.5, 7.25],
				"rotation": [0, -90, 0]
			},
			{
				"name": "bone182",
				"parent": "bone153",
				"pivot": [-1.75, 10.5, 5.75],
				"rotation": [30, -10, 0],
				"cubes": [
					{"origin": [-2.25, 9.75, 5.25], "size": [1, 1.25, 1], "uv": [21, 98], "inflate": -0.1}
				]
			},
			{
				"name": "bone183",
				"parent": "bone153",
				"pivot": [-1.75, 10.5, 6.65],
				"rotation": [30, -10, 0],
				"cubes": [
					{"origin": [-2.25, 9.75, 6.15], "size": [1, 1.25, 1], "uv": [16, 98], "inflate": -0.1}
				]
			},
			{
				"name": "bone184",
				"parent": "bone153",
				"pivot": [-1.75, 10.5, 4.85],
				"rotation": [30, -10, 0],
				"cubes": [
					{"origin": [-2.25, 9.75, 4.35], "size": [1, 1.25, 1], "uv": [16, 98], "inflate": -0.1}
				]
			},
			{
				"name": "bone185",
				"parent": "toushi4",
				"pivot": [-1.5, 10.5, 4.5],
				"rotation": [0, 180, 0]
			},
			{
				"name": "bone186",
				"parent": "bone185",
				"pivot": [-1.5, 10.5, 3],
				"rotation": [30, -10, 0],
				"cubes": [
					{"origin": [-2, 9.75, 2.5], "size": [1, 1.25, 1], "uv": [16, 98], "inflate": -0.1}
				]
			},
			{
				"name": "bone187",
				"parent": "bone185",
				"pivot": [-1.5, 10.5, 3.9],
				"rotation": [30, -10, 0],
				"cubes": [
					{"origin": [-2, 9.75, 3.4], "size": [1, 1.25, 1], "uv": [21, 98], "inflate": -0.1}
				]
			},
			{
				"name": "bone188",
				"parent": "bone185",
				"pivot": [-1.5, 10.5, 2.1],
				"rotation": [30, -10, 0],
				"cubes": [
					{"origin": [-2, 9.75, 1.6], "size": [1, 1.25, 1], "uv": [21, 98], "inflate": -0.1}
				]
			},
			{
				"name": "bone189",
				"parent": "toushi4",
				"pivot": [1.25, 10.5, 4.75],
				"rotation": [0, 90, 0]
			},
			{
				"name": "bone190",
				"parent": "bone189",
				"pivot": [1.25, 10.5, 3.25],
				"rotation": [30, -10, 0],
				"cubes": [
					{"origin": [0.75, 9.75, 2.75], "size": [1, 1.25, 1], "uv": [21, 98], "inflate": -0.1}
				]
			},
			{
				"name": "bone194",
				"parent": "bone189",
				"pivot": [1.25, 10.5, 4.15],
				"rotation": [30, -10, 0],
				"cubes": [
					{"origin": [0.75, 9.75, 3.65], "size": [1, 1.25, 1], "uv": [16, 98], "inflate": -0.1}
				]
			},
			{
				"name": "bone195",
				"parent": "bone189",
				"pivot": [1.25, 10.5, 2.35],
				"rotation": [30, -10, 0],
				"cubes": [
					{"origin": [0.75, 9.75, 1.85], "size": [1, 1.25, 1], "uv": [16, 98], "inflate": -0.1}
				]
			},
			{
				"name": "bone196",
				"parent": "toushi4",
				"pivot": [0.5, 9.03592, 7.15333],
				"rotation": [15, 0, -40],
				"cubes": [
					{"origin": [-0.5, 8.03592, 6.15333], "size": [2, 2, 2], "uv": [16, 100]}
				]
			},
			{
				"name": "bone197",
				"parent": "toushi4",
				"pivot": [-1.5, 9.24139, 7.67322],
				"rotation": [15, 0, 35],
				"cubes": [
					{"origin": [-2.5, 8.24139, 6.67322], "size": [2, 2, 2], "uv": [16, 100], "mirror": true}
				]
			},
			{
				"name": "toushi1",
				"parent": "toushi",
				"pivot": [0, 14.25, 0.75],
				"cubes": [
					{"origin": [-0.5, 23.5, 4], "size": [1, 2, 1], "uv": [49, 108]}
				]
			},
			{
				"name": "bone56",
				"parent": "toushi1",
				"pivot": [-1, 24.25, 4.5],
				"rotation": [5, 0, 15],
				"cubes": [
					{"origin": [-1.5, 23.25, 3.75], "size": [1.25, 2, 1], "uv": [54, 102]}
				]
			},
			{
				"name": "bone57",
				"parent": "bone56",
				"pivot": [-1.5, 23.25, 4.5],
				"rotation": [0, 0, -25],
				"cubes": [
					{"origin": [-1.5, 21.75, 3.75], "size": [1.25, 1.5, 1], "uv": [54, 102]}
				]
			},
			{
				"name": "bone58",
				"parent": "toushi1",
				"pivot": [1, 24.25, 4.5],
				"rotation": [5, 0, -15],
				"cubes": [
					{"origin": [0.25, 23.25, 3.75], "size": [1.25, 2, 1], "uv": [50, 100], "mirror": true}
				]
			},
			{
				"name": "bone68",
				"parent": "bone58",
				"pivot": [1.5, 23.25, 4.5],
				"rotation": [0, 0, 25],
				"cubes": [
					{"origin": [0.25, 21.75, 3.75], "size": [1.25, 1.5, 1], "uv": [50, 100], "mirror": true}
				]
			},
			{
				"name": "bone69",
				"parent": "toushi1",
				"pivot": [0.8, 23.725, 4.8],
				"rotation": [5, -10, 40],
				"cubes": [
					{"origin": [0.8, 23.6, 4.05], "size": [6, 1, 1], "uv": [111, 35]},
					{"origin": [0.8, 22.6, 4.05], "size": [6, 1, 1], "uv": [111, 37]}
				]
			},
			{
				"name": "bone70",
				"parent": "bone69",
				"pivot": [0.8, 22.85, 4.7],
				"rotation": [0, 0, 25],
				"cubes": [
					{"origin": [0.8, 22.85, 3.95], "size": [8.5, 1, 1], "uv": [109, 35]},
					{"origin": [0.8, 21.85, 3.95], "size": [8.5, 1, 1], "uv": [109, 37]}
				]
			},
			{
				"name": "bone71",
				"parent": "bone69",
				"pivot": [1.63466, 13.74765, 0.82444],
				"rotation": [0, 0, -10],
				"cubes": [
					{"origin": [2.23466, 23.49765, 3.97444], "size": [5.5, 1, 1], "uv": [112, 35]}
				]
			},
			{
				"name": "bone72",
				"parent": "toushi1",
				"pivot": [-0.8, 23.725, 4.8],
				"rotation": [5, 10, -40],
				"cubes": [
					{"origin": [-6.8, 23.6, 4.05], "size": [6, 1, 1], "uv": [111, 35], "mirror": true},
					{"origin": [-6.8, 22.6, 4.05], "size": [6, 1, 1], "uv": [111, 37], "mirror": true}
				]
			},
			{
				"name": "bone73",
				"parent": "bone72",
				"pivot": [-0.8, 22.85, 4.7],
				"rotation": [0, 0, -25],
				"cubes": [
					{"origin": [-9.3, 22.85, 3.95], "size": [8.5, 1, 1], "uv": [109, 35], "mirror": true},
					{"origin": [-9.3, 21.85, 3.95], "size": [8.5, 1, 1], "uv": [109, 37], "mirror": true}
				]
			},
			{
				"name": "bone74",
				"parent": "bone72",
				"pivot": [-1.63466, 13.74765, 0.82444],
				"rotation": [0, 0, 10],
				"cubes": [
					{"origin": [-7.73466, 23.49765, 3.97444], "size": [5.5, 1, 1], "uv": [112, 35], "mirror": true}
				]
			},
			{
				"name": "ear",
				"parent": "head",
				"pivot": [0, 18.25, -1]
			},
			{
				"name": "bone87",
				"parent": "ear",
				"pivot": [-2.25, 21.25, -1],
				"rotation": [0, 0, 5],
				"cubes": [
					{"origin": [-6.5, 20.25, -1], "size": [4.25, 1, 1], "uv": [118, 46]},
					{"origin": [-4.35, 19.15, -0.9], "size": [2.1, 1.1, 0.9], "uv": [118, 46]}
				]
			},
			{
				"name": "bone88",
				"parent": "bone87",
				"pivot": [-6.25, 20.25, -1],
				"rotation": [0, 0, 20],
				"cubes": [
					{"origin": [-6.25, 20.25, -1], "size": [1.25, 1, 1], "uv": [118, 46]}
				]
			},
			{
				"name": "bone191",
				"parent": "bone88",
				"pivot": [-5, 21.25, -1],
				"rotation": [0, 0, 20],
				"cubes": [
					{"origin": [-5, 20.25, -1], "size": [1.75, 1, 1], "uv": [118, 46]}
				]
			},
			{
				"name": "bone192",
				"parent": "bone191",
				"pivot": [-3.25, 20.25, -1],
				"rotation": [0, 0, -15],
				"cubes": [
					{"origin": [-3.25, 20.25, -1], "size": [1.5, 1, 1], "uv": [118, 46]}
				]
			},
			{
				"name": "bone193",
				"parent": "ear",
				"pivot": [2.25, 21.25, -1],
				"rotation": [0, 0, -5],
				"cubes": [
					{"origin": [2.25, 20.25, -1], "size": [4.25, 1, 1], "uv": [118, 46], "mirror": true},
					{"origin": [2.25, 19.15, -0.9], "size": [2.1, 1.1, 0.9], "uv": [118, 46], "mirror": true}
				]
			},
			{
				"name": "bone201",
				"parent": "bone193",
				"pivot": [6.25, 20.25, -1],
				"rotation": [0, 0, -20],
				"cubes": [
					{"origin": [5, 20.25, -1], "size": [1.25, 1, 1], "uv": [118, 46], "mirror": true}
				]
			},
			{
				"name": "bone202",
				"parent": "bone201",
				"pivot": [5, 21.25, -1],
				"rotation": [0, 0, -20],
				"cubes": [
					{"origin": [3.25, 20.25, -1], "size": [1.75, 1, 1], "uv": [118, 46], "mirror": true}
				]
			},
			{
				"name": "bone203",
				"parent": "bone202",
				"pivot": [3.25, 20.25, -1],
				"rotation": [0, 0, 15],
				"cubes": [
					{"origin": [1.75, 20.25, -1], "size": [1.5, 1, 1], "uv": [118, 46], "mirror": true}
				]
			},
			{
				"name": "body",
				"pivot": [0, 9.5, 0],
				"cubes": [
					{"origin": [-3, 11.999, -2], "size": [6, 6, 4], "uv": [24, 10]},
					{"origin": [-3.05, 11.999, -2.1], "size": [6.1, 3.7, 4.2], "uv": [24, 34]},
					{"origin": [-2.05, 15.599, -2.1], "size": [4.1, 1.1, 4.2], "uv": [40, 0]}
				]
			},
			{
				"name": "clothes",
				"parent": "body",
				"pivot": [0, 9.5, 0]
			},
			{
				"name": "clothes2",
				"parent": "clothes",
				"pivot": [0, 9.5, 0]
			},
			{
				"name": "bone98",
				"parent": "clothes2",
				"pivot": [-2.25, 16.8, 0],
				"rotation": [0, 0, 45],
				"cubes": [
					{"origin": [-3.95711, 17.00711, -2.25], "size": [2, 1, 4.5], "uv": [52, 1]},
					{"origin": [-4.40711, 16.85711, -2.7], "size": [2.85, 1, 5.4], "uv": [40, 21], "inflate": -0.4}
				]
			},
			{
				"name": "bone99",
				"parent": "bone98",
				"pivot": [-1.25, 16.3, -2.25],
				"rotation": [0, 0, -20],
				"cubes": [
					{"origin": [-1.67262, 17.20631, -2.25], "size": [2.1, 1, 4.5], "uv": [51, 35]}
				]
			},
			{
				"name": "bone100",
				"parent": "bone99",
				"pivot": [0.85, 17.3, -2.25],
				"rotation": [0, 0, 25],
				"cubes": [
					{"origin": [-2.01604, 16.94279, -2.25], "size": [2.1, 1, 4.5], "uv": [28, 51]}
				]
			},
			{
				"name": "bone101",
				"parent": "bone100",
				"pivot": [-1.25, 17.3, -2.25],
				"rotation": [0, 0, -34],
				"cubes": [
					{"origin": [-3.27564, 17.26126, -2.25], "size": [1.75, 1, 4.5], "uv": [57, 57]}
				]
			},
			{
				"name": "bone105",
				"parent": "clothes2",
				"pivot": [2.25, 16.8, 0],
				"rotation": [0, 0, -45],
				"cubes": [
					{"origin": [1.95711, 17.00711, -2.25], "size": [2, 1, 4.5], "uv": [49, 20]},
					{"origin": [1.55711, 16.85711, -2.7], "size": [2.85, 1, 5.4], "uv": [39, 15], "inflate": -0.4}
				]
			},
			{
				"name": "bone106",
				"parent": "bone105",
				"pivot": [1.25, 16.3, -2.25],
				"rotation": [0, 0, 20],
				"cubes": [
					{"origin": [-0.42738, 17.20631, -2.25], "size": [2.1, 1, 4.5], "uv": [48, 49]}
				]
			},
			{
				"name": "bone107",
				"parent": "bone106",
				"pivot": [-0.85, 17.3, -2.25],
				"rotation": [0, 0, -25],
				"cubes": [
					{"origin": [-0.08396, 16.94279, -2.25], "size": [2.1, 1, 4.5], "uv": [47, 27]}
				]
			},
			{
				"name": "bone108",
				"parent": "bone107",
				"pivot": [1.25, 17.3, -2.25],
				"rotation": [0, 0, 34],
				"cubes": [
					{"origin": [1.52564, 17.26126, -2.25], "size": [1.75, 1, 4.5], "uv": [36, 57]}
				]
			},
			{
				"name": "clothes3",
				"parent": "clothes",
				"pivot": [0, 9.5, 0]
			},
			{
				"name": "bone109",
				"parent": "clothes3",
				"pivot": [-0.5, 15.75, -1.9],
				"rotation": [50, 0, 0]
			},
			{
				"name": "bone110",
				"parent": "bone109",
				"pivot": [-0.3, 16.25, -2.65],
				"rotation": [0, -69, -2],
				"cubes": [
					{"origin": [0.4232, 15.8924, -2.64642], "size": [0.8, 1, 2.25], "uv": [58, 7]},
					{"origin": [0.5232, 15.8924, -2.64642], "size": [0.2, 1.05, 1.95], "uv": [14, 36]}
				]
			},
			{
				"name": "bone111",
				"parent": "clothes3",
				"pivot": [0.5, 15.75, -1.9],
				"rotation": [50, 0, 0],
				"cubes": [
					{"origin": [-0.3, 15.89279, -1.88396], "size": [0.6, 1, 1], "uv": [13, 25]}
				]
			},
			{
				"name": "bone112",
				"parent": "bone111",
				"pivot": [0.3, 16.25, -2.65],
				"rotation": [0, 69, 2],
				"cubes": [
					{"origin": [-1.2232, 15.8924, -2.64642], "size": [0.8, 1, 2.25], "uv": [58, 6]},
					{"origin": [-0.7232, 15.8924, -2.64642], "size": [0.2, 1.05, 1.95], "uv": [4, 36]}
				]
			},
			{
				"name": "clothes4",
				"parent": "clothes",
				"pivot": [0, 9.5, 0]
			},
			{
				"name": "bone115",
				"parent": "clothes4",
				"pivot": [-2.25, 14.9, 0],
				"rotation": [0, 0, -50],
				"cubes": [
					{"origin": [-2.13396, 15.04279, -2.1], "size": [1.7, 1, 4.2], "uv": [56, 47]}
				]
			},
			{
				"name": "bone116",
				"parent": "clothes4",
				"pivot": [2.25, 14.9, 0],
				"rotation": [0, 0, 50],
				"cubes": [
					{"origin": [0.43396, 15.04279, -2.1], "size": [1.7, 1, 4.2], "uv": [56, 42]}
				]
			},
			{
				"name": "bone118",
				"parent": "clothes4",
				"pivot": [-0.2, 15.1, -3],
				"rotation": [-35, 10, 20],
				"cubes": [
					{"origin": [-1.03682, 14.33569, -3.58764], "size": [1, 2, 0], "uv": [18, 28]}
				]
			},
			{
				"name": "bone119",
				"parent": "clothes4",
				"pivot": [0.2, 15.1, -3],
				"rotation": [-35, -10, -20],
				"cubes": [
					{"origin": [0.03682, 14.33569, -3.58764], "size": [1, 2, 0], "uv": [0, 0]}
				]
			},
			{
				"name": "clothes5",
				"parent": "clothes",
				"pivot": [0, 9.5, 0],
				"cubes": [
					{"origin": [-3.25, 13, -2.25], "size": [6.5, 2, 4.5], "uv": [40, 40]},
					{"origin": [-3.65, 13.5, -2.65], "size": [7.3, 1, 5.3], "uv": [21, 0], "inflate": -0.3}
				]
			},
			{
				"name": "bone207",
				"parent": "clothes5",
				"pivot": [0, 9, 0.25],
				"rotation": [-10, 0, 0]
			},
			{
				"name": "bone208",
				"parent": "bone207",
				"pivot": [-1.3125, 4.625, -1.825],
				"rotation": [-10, 0, 15],
				"cubes": [
					{"origin": [-3.26764, 11.6525, -4.78546], "size": [1.25, 2, 1], "uv": [47, 42], "inflate": -0.25}
				]
			},
			{
				"name": "bone209",
				"parent": "bone208",
				"pivot": [-1.725, 10, -4.2],
				"rotation": [0, 0, 10],
				"cubes": [
					{"origin": [-3.59014, 10.03371, -4.73546], "size": [1.25, 2, 1], "uv": [11, 36], "inflate": -0.25}
				]
			},
			{
				"name": "bone210",
				"parent": "bone209",
				"pivot": [-1.75, 8.5, -3.9],
				"rotation": [0, 0, -165],
				"cubes": [
					{"origin": [-0.72683, 6.74451, -4.68546], "size": [1.25, 2, 1], "uv": [48, 41], "inflate": -0.25},
					{"origin": [-0.82683, 8.24451, -4.78546], "size": [1.45, 1.35, 1.2], "uv": [123, 10], "inflate": -0.25}
				]
			},
			{
				"name": "bone211",
				"parent": "bone210",
				"pivot": [-1.50897, 11.48205, -3.85],
				"rotation": [0, 0, -15],
				"cubes": [
					{"origin": [-1.29383, 8.69834, -4.68546], "size": [1.25, 1.75, 1], "uv": [0, 36], "inflate": -0.25}
				]
			},
			{
				"name": "bone212",
				"parent": "bone207",
				"pivot": [1.3125, 4.625, -1.825],
				"rotation": [-10, 0, -15],
				"cubes": [
					{"origin": [2.01764, 11.6525, -4.78546], "size": [1.25, 2, 1], "uv": [49, 41], "inflate": -0.25}
				]
			},
			{
				"name": "bone213",
				"parent": "bone212",
				"pivot": [1.725, 10, -4.2],
				"rotation": [0, 0, -10],
				"cubes": [
					{"origin": [2.34014, 10.03371, -4.73546], "size": [1.25, 2, 1], "uv": [7, 37], "inflate": -0.25}
				]
			},
			{
				"name": "bone214",
				"parent": "bone213",
				"pivot": [1.75, 8.5, -3.9],
				"rotation": [0, 0, 165],
				"cubes": [
					{"origin": [-0.52317, 6.74451, -4.68546], "size": [1.25, 2, 1], "uv": [48, 41], "inflate": -0.25},
					{"origin": [-0.62317, 8.24451, -4.78546], "size": [1.45, 1.35, 1.2], "uv": [122, 10], "inflate": -0.25}
				]
			},
			{
				"name": "bone215",
				"parent": "bone214",
				"pivot": [1.50897, 11.48205, -3.85],
				"rotation": [0, 0, 15],
				"cubes": [
					{"origin": [0.04383, 8.69834, -4.68546], "size": [1.25, 1.75, 1], "uv": [3, 36], "inflate": -0.25}
				]
			},
			{
				"name": "bone218",
				"parent": "bone207",
				"pivot": [-0.9375, 4.64236, -1.72652],
				"rotation": [-10, 0, 0],
				"cubes": [
					{"origin": [-0.23236, 11.66986, -4.68698], "size": [1.25, 2, 1], "uv": [9, 36], "inflate": -0.25}
				]
			},
			{
				"name": "bone219",
				"parent": "bone218",
				"pivot": [-0.525, 10.01736, -4.10152],
				"rotation": [0, 0, -10],
				"cubes": [
					{"origin": [0.09014, 10.05107, -4.63698], "size": [1.25, 2, 1], "uv": [48, 42], "inflate": -0.25}
				]
			},
			{
				"name": "bone220",
				"parent": "bone219",
				"pivot": [-0.5, 8.51736, -3.80152],
				"rotation": [0, 0, 165],
				"cubes": [
					{"origin": [-2.77317, 6.76187, -4.58698], "size": [1.25, 2, 1], "uv": [13, 36], "inflate": -0.25},
					{"origin": [-2.87317, 8.26187, -4.68698], "size": [1.45, 1.35, 1.2], "uv": [122, 10], "inflate": -0.25}
				]
			},
			{
				"name": "bone221",
				"parent": "bone220",
				"pivot": [-0.74103, 11.49941, -3.75152],
				"rotation": [0, 0, 15],
				"cubes": [
					{"origin": [-2.20617, 8.7157, -4.58698], "size": [1.25, 1.75, 1], "uv": [47, 42], "inflate": -0.25}
				]
			},
			{
				"name": "bone216",
				"parent": "clothes5",
				"pivot": [0.5, 14, -2.75],
				"rotation": [30, 0, -20],
				"cubes": [
					{"origin": [0, 13.5, -3.25], "size": [1, 1, 1], "uv": [92, 73]}
				]
			},
			{
				"name": "bone217",
				"parent": "clothes5",
				"pivot": [-0.5, 14, -2.75],
				"rotation": [30, 0, 20],
				"cubes": [
					{"origin": [-1, 13.5, -3.25], "size": [1, 1, 1], "uv": [92, 67]}
				]
			},
			{
				"name": "clothes7",
				"parent": "clothes",
				"pivot": [0, 7.25, 0]
			},
			{
				"name": "bone170",
				"parent": "clothes7",
				"pivot": [-0.05, 8.25, 0],
				"rotation": [0, 0, 25],
				"cubes": [
					{"origin": [-4.74048, 7.37524, -1.05], "size": [2.55, 6.5, 2.1], "uv": [28, 56]}
				]
			},
			{
				"name": "bone171",
				"parent": "bone170",
				"pivot": [-0.58054, 6.88238, -2],
				"rotation": [-15, 0, 0],
				"cubes": [
					{"origin": [-4.77101, 7.6341, -3.23828], "size": [3.3, 5, 2.35], "uv": [48, 13]}
				]
			},
			{
				"name": "bone172",
				"parent": "bone170",
				"pivot": [-0.58054, 6.88238, 2],
				"rotation": [15, 0, 0],
				"cubes": [
					{"origin": [-4.77101, 7.6341, 0.88828], "size": [3.3, 5, 2.35], "uv": [42, 46]}
				]
			},
			{
				"name": "bone173",
				"parent": "clothes7",
				"pivot": [0.05, 8.25, 0],
				"rotation": [0, 0, -25],
				"cubes": [
					{"origin": [2.19048, 7.37524, -1.05], "size": [2.55, 6.5, 2.1], "uv": [49, 54]}
				]
			},
			{
				"name": "bone174",
				"parent": "bone173",
				"pivot": [0.58054, 6.88238, -2],
				"rotation": [-15, 0, 0],
				"cubes": [
					{"origin": [1.47101, 7.6341, -3.23828], "size": [3.3, 5, 2.35], "uv": [45, 32]}
				]
			},
			{
				"name": "bone175",
				"parent": "bone173",
				"pivot": [0.58054, 6.88238, 2],
				"rotation": [15, 0, 0],
				"cubes": [
					{"origin": [1.47101, 7.6341, 0.88828], "size": [3.3, 5, 2.35], "uv": [32, 44]}
				]
			},
			{
				"name": "bone176",
				"parent": "clothes7",
				"pivot": [0, 7.25, 0]
			},
			{
				"name": "bone177",
				"parent": "bone176",
				"pivot": [1.51946, 7.23238, 2],
				"rotation": [15, 0, 0],
				"cubes": [
					{"origin": [-1.8, 8.3461, 1.48528], "size": [3.55, 5, 1.85], "uv": [44, 62]}
				]
			},
			{
				"name": "bone178",
				"parent": "bone176",
				"pivot": [1.51946, 7.23238, -2],
				"rotation": [-15, 0, 0],
				"cubes": [
					{"origin": [-1.8, 8.3461, -3.33528], "size": [3.55, 5, 1.85], "uv": [36, 62]}
				]
			},
			{
				"name": "clothes6",
				"parent": "clothes",
				"pivot": [0, 5.75, -1],
				"rotation": [10, 0, 0]
			},
			{
				"name": "bone121",
				"parent": "clothes6",
				"pivot": [-1.975, 5.75, 3.35],
				"rotation": [10, 0, 15],
				"cubes": [
					{"origin": [-3.88135, 3.5104, 4.18938], "size": [2.25, 10, 0], "uv": [113, 4]}
				]
			},
			{
				"name": "bone122",
				"parent": "clothes6",
				"pivot": [1.975, 5.75, 3.35],
				"rotation": [10, 0, -15],
				"cubes": [
					{"origin": [1.63135, 3.5104, 4.18938], "size": [2.25, 10, 0], "uv": [113, 4]}
				]
			},
			{
				"name": "bone123",
				"parent": "clothes6",
				"pivot": [-3.475, 6, 3.6],
				"rotation": [10, 0, 40],
				"cubes": [
					{"origin": [-7.16138, 5.97601, 4.30108], "size": [2.25, 8, 0], "uv": [113, 4]}
				]
			},
			{
				"name": "bone124",
				"parent": "clothes6",
				"pivot": [3.475, 6, 3.6],
				"rotation": [10, 0, -40],
				"cubes": [
					{"origin": [4.91138, 5.97601, 4.30108], "size": [2.25, 8, 0], "uv": [113, 4]}
				]
			},
			{
				"name": "bone141",
				"parent": "clothes",
				"pivot": [0, 10, -2.45],
				"rotation": [-15, 0, 0]
			},
			{
				"name": "bone142",
				"parent": "bone141",
				"pivot": [0, 13, 1.3],
				"rotation": [10, 0, 0],
				"cubes": [
					{"origin": [-0.5, 14.46962, 1.1473], "size": [1, 1, 1.1], "uv": [114, 86]}
				]
			},
			{
				"name": "bone143",
				"parent": "bone142",
				"pivot": [-0.7, 13.8, 1.4],
				"rotation": [0, 0, 40],
				"cubes": [
					{"origin": [-2.96604, 14.55881, 1.3473], "size": [2, 1.25, 1], "uv": [105, 25], "inflate": -0.25}
				]
			},
			{
				"name": "bone144",
				"parent": "bone143",
				"pivot": [-2.7, 13.05, 1.6],
				"rotation": [0, 0, 55],
				"cubes": [
					{"origin": [-5.0143, 12.72585, 1.2973], "size": [1.25, 2, 1], "uv": [121, 24], "inflate": -0.25}
				]
			},
			{
				"name": "bone145",
				"parent": "bone144",
				"pivot": [-2.80218, 13.14752, 1.6],
				"rotation": [0, 0, 40],
				"cubes": [
					{"origin": [-4.44491, 11.50479, 1.2473], "size": [2, 1.25, 1], "uv": [106, 27], "inflate": -0.25}
				]
			},
			{
				"name": "bone146",
				"parent": "bone145",
				"pivot": [-1.30218, 13.14752, 1.6],
				"rotation": [0, 0, 35],
				"cubes": [
					{"origin": [-2.6442, 10.95782, 1.1973], "size": [1.25, 2, 1], "uv": [121, 24], "inflate": -0.25}
				]
			},
			{
				"name": "bone154",
				"parent": "bone146",
				"pivot": [-1.30218, 14.64752, 1.6],
				"rotation": [0, 0, 50],
				"cubes": [
					{"origin": [-1.78614, 12.1387, 1.1473], "size": [2, 1.25, 1], "uv": [105, 26], "inflate": -0.25}
				]
			},
			{
				"name": "bone155",
				"parent": "bone154",
				"pivot": [-2.80218, 14.64752, 1.6],
				"rotation": [5, 0, 30],
				"cubes": [
					{"origin": [-1.20135, 12.19616, 1.03726], "size": [1.25, 2, 1], "uv": [121, 24], "inflate": -0.25}
				]
			},
			{
				"name": "bone156",
				"parent": "bone155",
				"pivot": [-2.80218, 13.14752, 1.4],
				"rotation": [0, -5, 65],
				"cubes": [
					{"origin": [-1.6147, 14.27854, 0.8626], "size": [2, 1.25, 1], "uv": [106, 24], "inflate": -0.25}
				]
			},
			{
				"name": "bone157",
				"parent": "bone142",
				"pivot": [0.7, 13.8, 1.4],
				"rotation": [0, 0, -40],
				"cubes": [
					{"origin": [0.96604, 14.55881, 1.3473], "size": [2, 1.25, 1], "uv": [107, 26], "inflate": -0.25}
				]
			},
			{
				"name": "bone158",
				"parent": "bone157",
				"pivot": [2.7, 13.05, 1.6],
				"rotation": [0, 0, -55],
				"cubes": [
					{"origin": [3.7643, 12.72585, 1.2973], "size": [1.25, 2, 1], "uv": [121, 24], "inflate": -0.25}
				]
			},
			{
				"name": "bone159",
				"parent": "bone158",
				"pivot": [2.80218, 13.14752, 1.6],
				"rotation": [0, 0, -40],
				"cubes": [
					{"origin": [2.44491, 11.50479, 1.2473], "size": [2, 1.25, 1], "uv": [106, 28], "inflate": -0.25}
				]
			},
			{
				"name": "bone160",
				"parent": "bone159",
				"pivot": [1.30218, 13.14752, 1.6],
				"rotation": [0, 0, -35],
				"cubes": [
					{"origin": [1.3942, 10.95782, 1.1973], "size": [1.25, 2, 1], "uv": [121, 24], "inflate": -0.25}
				]
			},
			{
				"name": "bone161",
				"parent": "bone160",
				"pivot": [1.30218, 14.64752, 1.6],
				"rotation": [0, 0, -50],
				"cubes": [
					{"origin": [-0.21386, 12.1387, 1.1473], "size": [2, 1.25, 1], "uv": [106, 25], "inflate": -0.25}
				]
			},
			{
				"name": "bone162",
				"parent": "bone161",
				"pivot": [2.80218, 14.64752, 1.6],
				"rotation": [5, 0, -30],
				"cubes": [
					{"origin": [-0.04865, 12.19616, 1.03726], "size": [1.25, 2, 1], "uv": [121, 24], "inflate": -0.25}
				]
			},
			{
				"name": "bone163",
				"parent": "bone162",
				"pivot": [2.80218, 13.14752, 1.4],
				"rotation": [0, 5, -65],
				"cubes": [
					{"origin": [-0.3853, 14.27854, 0.8626], "size": [2, 1.25, 1], "uv": [106, 24], "inflate": -0.25}
				]
			},
			{
				"name": "bone164",
				"parent": "clothes",
				"pivot": [0, 8.65, 0],
				"rotation": [5, 0, 0]
			},
			{
				"name": "bone165",
				"parent": "bone164",
				"pivot": [-1.3125, 4.275, 2.075],
				"rotation": [10, 0, 15],
				"cubes": [
					{"origin": [-3.26764, 11.3025, 4.03546], "size": [1.25, 2, 1], "uv": [108, 24], "inflate": -0.25}
				]
			},
			{
				"name": "bone166",
				"parent": "bone165",
				"pivot": [-1.725, 9.65, 4.45],
				"rotation": [0, 0, 10],
				"cubes": [
					{"origin": [-3.59014, 9.68371, 3.98546], "size": [1.25, 2, 1], "uv": [120, 27], "inflate": -0.25}
				]
			},
			{
				"name": "bone167",
				"parent": "bone166",
				"pivot": [-1.75, 8.15, 4.15],
				"rotation": [0, 0, -165],
				"cubes": [
					{"origin": [-0.72683, 6.39451, 3.93546], "size": [1.25, 2, 1], "uv": [108, 25], "inflate": -0.25},
					{"origin": [-0.82683, 7.89451, 3.83546], "size": [1.45, 1.35, 1.2], "uv": [24, 105], "inflate": -0.25}
				]
			},
			{
				"name": "bone168",
				"parent": "bone167",
				"pivot": [-1.50897, 11.13205, 4.1],
				"rotation": [0, 0, -15],
				"cubes": [
					{"origin": [-1.29383, 8.34834, 3.93546], "size": [1.25, 1.75, 1], "uv": [120, 27], "inflate": -0.25}
				]
			},
			{
				"name": "bone169",
				"parent": "bone164",
				"pivot": [1.3125, 4.275, 2.075],
				"rotation": [10, 0, -15],
				"cubes": [
					{"origin": [2.01764, 11.3025, 4.03546], "size": [1.25, 2, 1], "uv": [106, 26], "inflate": -0.25}
				]
			},
			{
				"name": "bone179",
				"parent": "bone169",
				"pivot": [1.725, 9.65, 4.45],
				"rotation": [0, 0, -10],
				"cubes": [
					{"origin": [2.34014, 9.68371, 3.98546], "size": [1.25, 2, 1], "uv": [120, 27], "inflate": -0.25}
				]
			},
			{
				"name": "bone180",
				"parent": "bone179",
				"pivot": [1.75, 8.15, 4.15],
				"rotation": [0, 0, 165],
				"cubes": [
					{"origin": [-0.52317, 6.39451, 3.93546], "size": [1.25, 2, 1], "uv": [107, 24], "inflate": -0.25},
					{"origin": [-0.62317, 7.89451, 3.83546], "size": [1.45, 1.35, 1.2], "uv": [18, 107], "inflate": -0.25}
				]
			},
			{
				"name": "bone181",
				"parent": "bone180",
				"pivot": [1.50897, 11.13205, 4.1],
				"rotation": [0, 0, 15],
				"cubes": [
					{"origin": [0.04383, 8.34834, 3.93546], "size": [1.25, 1.75, 1], "uv": [120, 27], "inflate": -0.25}
				]
			},
			{
				"name": "chest",
				"parent": "body",
				"pivot": [0, 12.3, -2],
				"rotation": [-20, 0, 0],
				"cubes": [
					{"origin": [-2.55, 15.11908, -4.07606], "size": [5.1, 1, 1.05], "uv": [55, 54]}
				]
			},
			{
				"name": "bone113",
				"parent": "chest",
				"pivot": [-0.5, -3.2, 0.5],
				"rotation": [-20, 0, 0],
				"cubes": [
					{"origin": [-2.5, 13.40599, -10.36063], "size": [5, 1, 1], "uv": [55, 33]}
				]
			},
			{
				"name": "bone114",
				"parent": "chest",
				"pivot": [0, 14.17939, -3.73404],
				"rotation": [-20, 0, 0],
				"cubes": [
					{"origin": [-2.55, 14.94543, -4.37683], "size": [5.1, 1, 1.5], "uv": [32, 41]}
				]
			},
			{
				"name": "armLeft",
				"pivot": [2.5, 17.5, 0],
				"rotation": [0, 0, -25],
				"cubes": [
					{"origin": [1.56316, 14.54024, -1], "size": [2, 3.5, 2], "uv": [87, 118], "mirror": true},
					{"origin": [1.31316, 15.04024, -1.25], "size": [2.5, 1, 2.5], "uv": [120, 41], "mirror": true},
					{"origin": [1.06316, 15.04024, -1.5], "size": [3, 1, 3], "uv": [109, 86], "mirror": true}
				]
			},
			{
				"name": "bone77",
				"parent": "armLeft",
				"pivot": [0.71792, 17.22762, 0]
			},
			{
				"name": "bone78",
				"parent": "bone77",
				"pivot": [3.28862, 12.34852, 0.5],
				"rotation": [15, 5, -10],
				"cubes": [
					{"origin": [3.93141, 13.40513, 0.5206], "size": [1, 1, 1], "uv": [23, 104], "mirror": true}
				]
			},
			{
				"name": "bone79",
				"parent": "bone77",
				"pivot": [3.19799, 12.39078, -0.5],
				"rotation": [-15, -5, -10],
				"cubes": [
					{"origin": [3.84078, 13.44739, -1.5206], "size": [1, 1, 1], "uv": [23, 103], "mirror": true}
				]
			},
			{
				"name": "arm2",
				"parent": "armLeft",
				"pivot": [2.61792, 14.57762, 0],
				"cubes": [
					{"origin": [1.31316, 11.04024, -1.25], "size": [2.5, 5, 2.5], "uv": [78, 121], "mirror": true},
					{"origin": [1.56316, 10.04024, -1], "size": [2, 4.5, 2], "uv": [87, 118], "mirror": true}
				]
			},
			{
				"name": "bone80",
				"parent": "arm2",
				"pivot": [2.96071, 9.25718, 0.125],
				"rotation": [0, 0, -25],
				"cubes": [
					{"origin": [4.50001, 10.5132, -1.25], "size": [1.35, 3, 2.5], "uv": [80, 113], "mirror": true}
				]
			},
			{
				"name": "armRight",
				"pivot": [-2.5, 17.5, 0],
				"rotation": [0, 0, 25],
				"cubes": [
					{"origin": [-3.56316, 14.54024, -1], "size": [2, 3.5, 2], "uv": [87, 118]},
					{"origin": [-3.81316, 15.04024, -1.25], "size": [2.5, 1, 2.5], "uv": [120, 41]},
					{"origin": [-4.06316, 15.04024, -1.5], "size": [3, 1, 3], "uv": [109, 86]}
				]
			},
			{
				"name": "bone81",
				"parent": "armRight",
				"pivot": [-0.71792, 17.22762, 0]
			},
			{
				"name": "bone84",
				"parent": "bone81",
				"pivot": [-3.28862, 12.34852, 0.5],
				"rotation": [15, -5, 10],
				"cubes": [
					{"origin": [-4.93141, 13.40513, 0.5206], "size": [1, 1, 1], "uv": [23, 104]}
				]
			},
			{
				"name": "bone85",
				"parent": "bone81",
				"pivot": [-3.19799, 12.39078, -0.5],
				"rotation": [-15, 5, 10],
				"cubes": [
					{"origin": [-4.84078, 13.44739, -1.5206], "size": [1, 1, 1], "uv": [23, 103]}
				]
			},
			{
				"name": "arm3",
				"parent": "armRight",
				"pivot": [-2.61792, 14.57762, 0],
				"cubes": [
					{"origin": [-3.81316, 11.04024, -1.25], "size": [2.5, 5, 2.5], "uv": [78, 121]},
					{"origin": [-3.56316, 10.04024, -1], "size": [2, 4.5, 2], "uv": [87, 118]}
				]
			},
			{
				"name": "bone86",
				"parent": "arm3",
				"pivot": [-2.96071, 9.25718, 0.125],
				"rotation": [0, 0, 25],
				"cubes": [
					{"origin": [-5.85001, 10.5132, -1.25], "size": [1.35, 3, 2.5], "uv": [80, 113]}
				]
			},
			{
				"name": "legRight",
				"pivot": [-2.35, 10.25, 0],
				"cubes": [
					{"origin": [-3.5027, 5.53038, -1.5], "size": [3, 4.5, 3], "uv": [0, 41]},
					{"origin": [-3.8527, 6.03038, -1.85], "size": [3.7, 1, 3.7], "uv": [103, 3], "inflate": -0.3}
				]
			},
			{
				"name": "bone76",
				"parent": "legRight",
				"pivot": [-2.35, 10.25, 0],
				"cubes": [
					{"origin": [-2.1, 0.75, -2], "size": [1, 1.25, 1], "uv": [59, 28], "inflate": -0.3},
					{"origin": [-3.7527, 0.03038, -1.75], "size": [3.5, 1, 3.5], "uv": [62, 124]},
					{"origin": [-3.4973, 1.03038, -1.5], "size": [3, 4.5, 3], "uv": [0, 45]}
				]
			},
			{
				"name": "bone204",
				"parent": "bone76",
				"pivot": [-1.3, 1.6, -1.35],
				"rotation": [0, 0, -30],
				"cubes": [
					{"origin": [-1.55, 1.35, -1.6], "size": [0.75, 0.5, 0.5], "uv": [61, 28]}
				]
			},
			{
				"name": "bone205",
				"parent": "bone204",
				"pivot": [-0.8, 1.85, -1.35],
				"rotation": [0, 0, 40],
				"cubes": [
					{"origin": [-0.8, 1.35, -1.6], "size": [0.6, 0.5, 0.5], "uv": [61, 28]}
				]
			},
			{
				"name": "bone206",
				"parent": "bone205",
				"pivot": [-0.2, 1.85, -1.1],
				"rotation": [-15, 0, -5],
				"cubes": [
					{"origin": [-0.7, 1.35, -1.1], "size": [0.5, 0.5, 1.25], "uv": [61, 28]}
				]
			},
			{
				"name": "bone222",
				"parent": "bone206",
				"pivot": [-0.2, 1.85, 0.15],
				"rotation": [-25, 0, 0],
				"cubes": [
					{"origin": [-0.7, 1.35, 0.15], "size": [0.5, 0.5, 1], "uv": [61, 28]}
				]
			},
			{
				"name": "bone223",
				"parent": "bone76",
				"pivot": [-2.05, 1.7, -1.35],
				"rotation": [0, 0, 25],
				"cubes": [
					{"origin": [-2.55, 1.45, -1.6], "size": [1, 0.5, 0.5], "uv": [61, 28]}
				]
			},
			{
				"name": "bone224",
				"parent": "bone223",
				"pivot": [-2.55, 1.95, -1.6],
				"rotation": [0, 0, -25],
				"cubes": [
					{"origin": [-3.2, 1.45, -1.6], "size": [0.65, 0.5, 0.5], "uv": [61, 28]}
				]
			},
			{
				"name": "bone225",
				"parent": "bone224",
				"pivot": [-3.2, 1.95, -1.6],
				"rotation": [0, 0, -5],
				"cubes": [
					{"origin": [-3.7, 1.45, -1.6], "size": [0.5, 0.5, 0.5], "uv": [61, 28]}
				]
			},
			{
				"name": "bone226",
				"parent": "bone225",
				"pivot": [-3.7, 1.95, -1.1],
				"rotation": [-20, 0, 5],
				"cubes": [
					{"origin": [-3.7, 1.45, -1.1], "size": [0.5, 0.5, 1.25], "uv": [61, 28]}
				]
			},
			{
				"name": "bone227",
				"parent": "bone226",
				"pivot": [-3.7, 1.95, 0.15],
				"rotation": [-30, 0, 0],
				"cubes": [
					{"origin": [-3.7, 1.45, 0.15], "size": [0.5, 0.5, 1], "uv": [61, 28]}
				]
			},
			{
				"name": "legLeft",
				"pivot": [2.35, 10.25, 0],
				"cubes": [
					{"origin": [0.5027, 5.53038, -1.5], "size": [3, 4.5, 3], "uv": [0, 41], "mirror": true},
					{"origin": [0.1527, 6.03038, -1.85], "size": [3.7, 1, 3.7], "uv": [103, 3], "inflate": -0.3, "mirror": true}
				]
			},
			{
				"name": "bone75",
				"parent": "legLeft",
				"pivot": [2.35, 10.25, 0],
				"cubes": [
					{"origin": [1.1, 0.75, -2], "size": [1, 1.25, 1], "uv": [59, 28], "inflate": -0.3, "mirror": true},
					{"origin": [0.2527, 0.03038, -1.75], "size": [3.5, 1, 3.5], "uv": [62, 124], "mirror": true},
					{"origin": [0.4973, 1.03038, -1.5], "size": [3, 4.5, 3], "uv": [0, 45], "mirror": true}
				]
			},
			{
				"name": "bone228",
				"parent": "bone75",
				"pivot": [1.3, 1.6, -1.35],
				"rotation": [0, 0, 30],
				"cubes": [
					{"origin": [0.8, 1.35, -1.6], "size": [0.75, 0.5, 0.5], "uv": [61, 28], "mirror": true}
				]
			},
			{
				"name": "bone229",
				"parent": "bone228",
				"pivot": [0.8, 1.85, -1.35],
				"rotation": [0, 0, -40],
				"cubes": [
					{"origin": [0.2, 1.35, -1.6], "size": [0.6, 0.5, 0.5], "uv": [61, 28], "mirror": true}
				]
			},
			{
				"name": "bone230",
				"parent": "bone229",
				"pivot": [0.2, 1.85, -1.1],
				"rotation": [-15, 0, 5],
				"cubes": [
					{"origin": [0.2, 1.35, -1.1], "size": [0.5, 0.5, 1.25], "uv": [61, 28], "mirror": true}
				]
			},
			{
				"name": "bone231",
				"parent": "bone230",
				"pivot": [0.2, 1.85, 0.15],
				"rotation": [-25, 0, 0],
				"cubes": [
					{"origin": [0.2, 1.35, 0.15], "size": [0.5, 0.5, 1], "uv": [61, 28], "mirror": true}
				]
			},
			{
				"name": "bone232",
				"parent": "bone75",
				"pivot": [2.05, 1.7, -1.35],
				"rotation": [0, 0, -25],
				"cubes": [
					{"origin": [1.55, 1.45, -1.6], "size": [1, 0.5, 0.5], "uv": [61, 28], "mirror": true}
				]
			},
			{
				"name": "bone233",
				"parent": "bone232",
				"pivot": [2.55, 1.95, -1.6],
				"rotation": [0, 0, 25],
				"cubes": [
					{"origin": [2.55, 1.45, -1.6], "size": [0.65, 0.5, 0.5], "uv": [61, 28], "mirror": true}
				]
			},
			{
				"name": "bone234",
				"parent": "bone233",
				"pivot": [3.2, 1.95, -1.6],
				"rotation": [0, 0, 5],
				"cubes": [
					{"origin": [3.2, 1.45, -1.6], "size": [0.5, 0.5, 0.5], "uv": [61, 28], "mirror": true}
				]
			},
			{
				"name": "bone235",
				"parent": "bone234",
				"pivot": [3.7, 1.95, -1.1],
				"rotation": [-20, 0, -5],
				"cubes": [
					{"origin": [3.2, 1.45, -1.1], "size": [0.5, 0.5, 1.25], "uv": [61, 28], "mirror": true}
				]
			},
			{
				"name": "bone236",
				"parent": "bone235",
				"pivot": [3.7, 1.95, 0.15],
				"rotation": [-30, 0, 0],
				"cubes": [
					{"origin": [3.2, 1.45, 0.15], "size": [0.5, 0.5, 1], "uv": [61, 28], "mirror": true}
				]
			},
			{
				"name": "katana",
				"pivot": [3.75, 13.25, 2.25],
				"rotation": [10, 0, -30]
			},
			{
				"name": "bone237",
				"parent": "katana",
				"pivot": [3.75, 11.5, -3.75],
				"cubes": [
					{"origin": [-3.25, 11.5, 2.25], "size": [9, 3.5, 1.5], "uv": [108, 90]},
					{"origin": [4.25, 10.75, 2], "size": [0.5, 5, 2.5], "uv": [57, 101]},
					{"origin": [-2.25, 10.75, 2], "size": [0.5, 5, 2.5], "uv": [57, 102]},
					{"origin": [-3.75, 11, 3.75], "size": [10, 4.5, 0.5], "uv": [108, 87]},
					{"origin": [-3.75, 15, 2.25], "size": [10, 0.5, 1.5], "uv": [106, 94]},
					{"origin": [-3.75, 11, 2.25], "size": [10, 0.5, 1.5], "uv": [106, 94]}
				]
			},
			{
				"name": "bone238",
				"parent": "katana",
				"pivot": [3.75, 11.5, -3.85]
			},
			{
				"name": "bone239",
				"parent": "bone238",
				"pivot": [9.25, 12.25, 2.65],
				"rotation": [90, 0, 0],
				"cubes": [
					{"origin": [13.25, 11.75, 2.15], "size": [4.2, 1, 1], "uv": [118, 98]},
					{"origin": [16.25, 11.65, 2.05], "size": [1, 1.2, 1.2], "uv": [124, 51]},
					{"origin": [12.5, 11.65, 2.05], "size": [1, 1.2, 1.2], "uv": [124, 51]}
				]
			},
			{
				"name": "bone240",
				"parent": "bone239",
				"pivot": [12.25, 12.25, 2.65],
				"rotation": [45, 0, 0],
				"cubes": [
					{"origin": [11.75, 11.4, 1.8], "size": [1, 1.7, 1.7], "uv": [20, 106]},
					{"origin": [11.5, 11.5, 1.9], "size": [1, 0.25, 1.5], "uv": [108, 44]},
					{"origin": [11.5, 11.75, 3.15], "size": [1, 1, 0.25], "uv": [108, 44]},
					{"origin": [11.5, 11.75, 1.9], "size": [1, 1, 0.25], "uv": [108, 44]},
					{"origin": [11.5, 12.75, 1.9], "size": [1, 0.25, 1.5], "uv": [108, 44]},
					{"origin": [11.75, 13.4, 1.05], "size": [1, 0.45, 3.2], "uv": [107, 43]},
					{"origin": [11.75, 10.65, 1.05], "size": [1, 0.45, 3.2], "uv": [106, 43]},
					{"origin": [11.75, 10.9, 3.8], "size": [1, 2.7, 0.45], "uv": [111, 44]},
					{"origin": [11.75, 10.9, 1.05], "size": [1, 2.7, 0.45], "uv": [110, 44]}
				]
			},
			{
				"name": "bone242",
				"parent": "bone240",
				"pivot": [12.25, 13.66421, 4.06421],
				"cubes": [
					{"origin": [11.95, 12.81421, 3.21421], "size": [0.6, 1.7, 1.7], "uv": [20, 106]},
					{"origin": [11.85, 12.91421, 4.56421], "size": [0.8, 1.5, 0.25], "uv": [108, 44]},
					{"origin": [11.85, 12.91421, 3.31421], "size": [0.8, 1.5, 0.25], "uv": [108, 44]},
					{"origin": [11.85, 14.16421, 3.56421], "size": [0.8, 0.25, 1], "uv": [108, 44]},
					{"origin": [11.85, 12.91421, 3.56421], "size": [0.8, 0.25, 1], "uv": [108, 44]}
				]
			},
			{
				"name": "bone243",
				"parent": "bone240",
				"pivot": [12.25, 10.83579, 1.23579],
				"cubes": [
					{"origin": [11.95, 9.98579, 0.38579], "size": [0.6, 1.7, 1.7], "uv": [20, 106]},
					{"origin": [11.85, 10.08579, 1.73579], "size": [0.8, 1.5, 0.25], "uv": [108, 44]},
					{"origin": [11.85, 10.08579, 0.48579], "size": [0.8, 1.5, 0.25], "uv": [108, 44]},
					{"origin": [11.85, 11.33579, 0.73579], "size": [0.8, 0.25, 1], "uv": [108, 44]},
					{"origin": [11.85, 10.08579, 0.73579], "size": [0.8, 0.25, 1], "uv": [108, 44]}
				]
			},
			{
				"name": "bone241",
				"parent": "bone239",
				"pivot": [4.25, 10.75, -8.85],
				"cubes": [
					{"origin": [10.75, 11.65, 2.3], "size": [1.7, 1.2, 0.7], "uv": [109, 44]},
					{"origin": [0.05, 11.75, 2.5], "size": [10.7, 1, 0.3], "uv": [108, 57]},
					{"origin": [-6.75, 11.75, 2.5], "size": [6.8, 1, 0.3], "uv": [116, 57]},
					{"origin": [-10.15, 12.35, 2.5], "size": [3.5, 0.4, 0.3], "uv": [122, 57]},
					{"origin": [-7.85, 11.95, 2.5], "size": [1.2, 0.4, 0.3], "uv": [126, 57]}
				]
			},
			{
				"name": "bone244",
				"parent": "bone241",
				"pivot": [-10.15, 12.35, 2.65],
				"rotation": [0, 0, 10],
				"cubes": [
					{"origin": [-10.15, 12.35, 2.5], "size": [3.5, 0.4, 0.3], "uv": [126, 57]}
				]
			},
			{
				"name": "bone245",
				"parent": "bone241",
				"pivot": [4.25, 10.75, -8.85],
				"cubes": [
					{"origin": [0.05, 12.35, 2.45], "size": [10.7, 0.45, 0.4], "uv": [108, 62]},
					{"origin": [-10.45, 12.35, 2.45], "size": [10.7, 0.45, 0.4], "uv": [108, 62]}
				]
			},
			{
				"name": "qiao",
				"parent": "bone239",
				"pivot": [9.25, 10.75, -8.85],
				"cubes": [
					{"origin": [0.75, 11.5, 2.25], "size": [10, 1.5, 0.8], "uv": [108, 66]},
					{"origin": [8.75, 11.4, 2.15], "size": [1, 1.7, 1], "uv": [108, 44]},
					{"origin": [0.75, 11.4, 2.15], "size": [1, 1.7, 1], "uv": [109, 44]},
					{"origin": [-8.25, 11.4, 2.15], "size": [1, 1.7, 1], "uv": [108, 44]},
					{"origin": [-10.25, 11.5, 2.25], "size": [11, 1.5, 0.8], "uv": [106, 66]}
				]
			},
			{
				"name": "bone246",
				"parent": "qiao",
				"pivot": [-10.25, 13, 2.65],
				"rotation": [0, 0, -30],
				"cubes": [
					{"origin": [-11, 11.7, 2.25], "size": [0.75, 1.3, 0.8], "uv": [112, 66]}
				]
			},
			{
				"name": "bone247",
				"parent": "bone238",
				"pivot": [7.25, 2.75, 4.15],
				"rotation": [90, 0, 0],
				"cubes": [
					{"origin": [11.25, 3.75, 15.15], "size": [4.2, 1, 1], "uv": [118, 98]},
					{"origin": [14.25, 3.65, 15.05], "size": [1, 1.2, 1.2], "uv": [124, 51]},
					{"origin": [10.5, 3.65, 15.05], "size": [1, 1.2, 1.2], "uv": [124, 51]}
				]
			},
			{
				"name": "bone248",
				"parent": "bone247",
				"pivot": [10.25, 4.25, 15.65],
				"rotation": [45, 0, 0],
				"cubes": [
					{"origin": [9.75, 3.4, 14.8], "size": [1, 1.7, 1.7], "uv": [20, 106]},
					{"origin": [9.5, 3.5, 14.9], "size": [1, 0.25, 1.5], "uv": [108, 44]},
					{"origin": [9.5, 3.75, 16.15], "size": [1, 1, 0.25], "uv": [108, 44]},
					{"origin": [9.5, 3.75, 14.9], "size": [1, 1, 0.25], "uv": [108, 44]},
					{"origin": [9.5, 4.75, 14.9], "size": [1, 0.25, 1.5], "uv": [108, 44]},
					{"origin": [9.75, 5.4, 14.05], "size": [1, 0.45, 3.2], "uv": [107, 43]},
					{"origin": [9.75, 2.65, 14.05], "size": [1, 0.45, 3.2], "uv": [106, 43]},
					{"origin": [9.75, 2.9, 16.8], "size": [1, 2.7, 0.45], "uv": [111, 44]},
					{"origin": [9.75, 2.9, 14.05], "size": [1, 2.7, 0.45], "uv": [110, 44]}
				]
			},
			{
				"name": "bone249",
				"parent": "bone248",
				"pivot": [10.25, 5.66421, 17.06421],
				"cubes": [
					{"origin": [9.95, 4.81421, 16.21421], "size": [0.6, 1.7, 1.7], "uv": [20, 106]},
					{"origin": [9.85, 4.91421, 17.56421], "size": [0.8, 1.5, 0.25], "uv": [108, 44]},
					{"origin": [9.85, 4.91421, 16.31421], "size": [0.8, 1.5, 0.25], "uv": [108, 44]},
					{"origin": [9.85, 6.16421, 16.56421], "size": [0.8, 0.25, 1], "uv": [108, 44]},
					{"origin": [9.85, 4.91421, 16.56421], "size": [0.8, 0.25, 1], "uv": [108, 44]}
				]
			},
			{
				"name": "bone250",
				"parent": "bone248",
				"pivot": [10.25, 2.83579, 14.23579],
				"cubes": [
					{"origin": [9.95, 1.98579, 13.38579], "size": [0.6, 1.7, 1.7], "uv": [20, 106]},
					{"origin": [9.85, 2.08579, 14.73579], "size": [0.8, 1.5, 0.25], "uv": [108, 44]},
					{"origin": [9.85, 2.08579, 13.48579], "size": [0.8, 1.5, 0.25], "uv": [108, 44]},
					{"origin": [9.85, 3.33579, 13.73579], "size": [0.8, 0.25, 1], "uv": [108, 44]},
					{"origin": [9.85, 2.08579, 13.73579], "size": [0.8, 0.25, 1], "uv": [108, 44]}
				]
			},
			{
				"name": "bone251",
				"parent": "bone247",
				"pivot": [2.25, 2.75, 4.15],
				"cubes": [
					{"origin": [8.75, 3.65, 15.3], "size": [1.7, 1.2, 0.7], "uv": [109, 44]},
					{"origin": [-1.95, 3.75, 15.5], "size": [10.7, 1, 0.3], "uv": [108, 57]},
					{"origin": [-8.75, 3.75, 15.5], "size": [6.8, 1, 0.3], "uv": [116, 57]},
					{"origin": [-12.15, 4.35, 15.5], "size": [3.5, 0.4, 0.3], "uv": [122, 57]},
					{"origin": [-9.85, 3.95, 15.5], "size": [1.2, 0.4, 0.3], "uv": [126, 57]}
				]
			},
			{
				"name": "bone252",
				"parent": "bone251",
				"pivot": [-12.15, 4.35, 15.65],
				"rotation": [0, 0, 10],
				"cubes": [
					{"origin": [-12.15, 4.35, 15.5], "size": [3.5, 0.4, 0.3], "uv": [126, 57]}
				]
			},
			{
				"name": "bone253",
				"parent": "bone251",
				"pivot": [2.25, 2.75, 4.15],
				"cubes": [
					{"origin": [-1.95, 4.35, 15.45], "size": [10.7, 0.45, 0.4], "uv": [108, 62]},
					{"origin": [-12.45, 4.35, 15.45], "size": [10.7, 0.45, 0.4], "uv": [108, 62]}
				]
			},
			{
				"name": "qiao2",
				"parent": "bone247",
				"pivot": [7.25, 2.75, 4.15],
				"cubes": [
					{"origin": [-1.25, 3.5, 15.25], "size": [10, 1.5, 0.8], "uv": [108, 66]},
					{"origin": [6.75, 3.4, 15.15], "size": [1, 1.7, 1], "uv": [108, 44]},
					{"origin": [-1.25, 3.4, 15.15], "size": [1, 1.7, 1], "uv": [109, 44]},
					{"origin": [-10.25, 3.4, 15.15], "size": [1, 1.7, 1], "uv": [108, 44]},
					{"origin": [-12.25, 3.5, 15.25], "size": [11, 1.5, 0.8], "uv": [106, 66]}
				]
			},
			{
				"name": "bone254",
				"parent": "qiao2",
				"pivot": [-12.25, 5, 15.65],
				"rotation": [0, 0, -30],
				"cubes": [
					{"origin": [-13, 3.7, 15.25], "size": [0.75, 1.3, 0.8], "uv": [112, 66]}
				]
			}
		]
	}
}