{
	"format_version": "1.10.0",
	"geometry.model": {
		"texturewidth": 128,
		"textureheight": 128,
		"visible_bounds_width": 3,
		"visible_bounds_height": 4,
		"visible_bounds_offset": [0, 1, 0],
		"bones": [
			{
				"name": "head",
				"pivot": [0, 18, 0],
				"cubes": [
					{"origin": [-3.5, 18, -3.5], "size": [7, 7, 7], "uv": [0, 0]}
				]
			},
			{
				"name": "blink",
				"parent": "head",
				"pivot": [0, 18, 0],
				"cubes": [
					{"origin": [-3.5, 18, -3.501], "size": [7, 7, 0], "uv": [32, 34]}
				]
			},
			{
				"name": "head2",
				"parent": "head",
				"pivot": [0, 18, 0],
				"cubes": [
					{"origin": [-4, 18.5, -3], "size": [8, 6, 6], "uv": [0, 14]},
					{"origin": [-3, 18.5, -3], "size": [6, 6, 7], "uv": [21, 21]},
					{"origin": [-3, 19.5, -3], "size": [6, 6, 6], "uv": [22, 8]}
				]
			},
			{
				"name": "oni",
				"parent": "head",
				"pivot": [0, 17, 0]
			},
			{
				"name": "bone23",
				"parent": "oni",
				"pivot": [-1.75, 22.85, -3.5],
				"rotation": [25, 0, -10],
				"cubes": [
					{"origin": [-2.07635, 22.74254, -3.5838], "size": [0.8, 2, 1], "uv": [97, 7]}
				]
			},
			{
				"name": "bone25",
				"parent": "bone23",
				"pivot": [-2.25, 23.85, -4],
				"rotation": [-15, 0, 5],
				"cubes": [
					{"origin": [-2.1548, 24.83118, -3.83203], "size": [0.55, 2, 0.75], "uv": [97, 7]}
				]
			},
			{
				"name": "bone26",
				"parent": "bone25",
				"pivot": [-1.4, 23.85, -4],
				"rotation": [0, 0, -5],
				"cubes": [
					{"origin": [-1.74933, 24.8476, -3.83203], "size": [0.55, 2, 0.75], "uv": [97, 7]}
				]
			},
			{
				"name": "bone27",
				"parent": "bone26",
				"pivot": [-2.17968, 25.87845, -3.25],
				"rotation": [5, 0, 0],
				"cubes": [
					{"origin": [-1.74933, 24.72928, -3.7482], "size": [0.55, 2.1, 0.75], "uv": [97, 7]}
				]
			},
			{
				"name": "bone32",
				"parent": "bone27",
				"pivot": [-1.62968, 25.87845, -3.6],
				"rotation": [-10, 0, 5],
				"cubes": [
					{"origin": [-1.58289, 26.87047, -3.41924], "size": [0.3, 1.75, 0.25], "uv": [97, 7]}
				]
			},
			{
				"name": "bone31",
				"parent": "bone26",
				"pivot": [-1.9, 25.85, -4],
				"rotation": [-14, 0, 5],
				"cubes": [
					{"origin": [-1.83448, 26.87113, -4.07439], "size": [0.55, 1.9, 0.5], "uv": [97, 7]}
				]
			},
			{
				"name": "bone28",
				"parent": "bone25",
				"pivot": [-1.45, 24.1, -3.15],
				"rotation": [5, 0, 0],
				"cubes": [
					{"origin": [-2.1548, 24.96487, -3.59425], "size": [0.55, 1.85, 0.75], "uv": [97, 7]}
				]
			},
			{
				"name": "bone30",
				"parent": "bone28",
				"pivot": [-2.25, 25.85206, -3.4471],
				"rotation": [-10, 0, 5],
				"cubes": [
					{"origin": [-2.23908, 26.84871, -3.41609], "size": [0.45, 1.75, 0.4], "uv": [97, 7]}
				]
			},
			{
				"name": "bone29",
				"parent": "bone25",
				"pivot": [-2.25, 25.85, -4],
				"rotation": [-15, 0, 5],
				"cubes": [
					{"origin": [-2.24068, 26.84563, -4.09288], "size": [0.5, 1.75, 0.4], "uv": [97, 7]}
				]
			},
			{
				"name": "bone24",
				"parent": "bone23",
				"pivot": [-1.65152, 23.83323, -3.50449],
				"rotation": [0, 0, -5],
				"cubes": [
					{"origin": [-1.65074, 22.70724, -3.58829], "size": [0.5, 2, 1], "uv": [97, 7]}
				]
			},
			{
				"name": "bone33",
				"parent": "oni",
				"pivot": [1.75, 22.85, -3.5],
				"rotation": [25, 0, 10],
				"cubes": [
					{"origin": [1.27635, 22.74254, -3.5838], "size": [0.8, 2, 1], "uv": [97, 7]}
				]
			},
			{
				"name": "bone34",
				"parent": "bone33",
				"pivot": [2.25, 23.85, -4],
				"rotation": [-15, 0, -5],
				"cubes": [
					{"origin": [1.6048, 24.83118, -3.83203], "size": [0.55, 2, 0.75], "uv": [97, 7]}
				]
			},
			{
				"name": "bone35",
				"parent": "bone34",
				"pivot": [1.4, 23.85, -4],
				"rotation": [0, 0, 5],
				"cubes": [
					{"origin": [1.19933, 24.8476, -3.83203], "size": [0.55, 2, 0.75], "uv": [97, 7]}
				]
			},
			{
				"name": "bone36",
				"parent": "bone35",
				"pivot": [2.17968, 25.87845, -3.25],
				"rotation": [5, 0, 0],
				"cubes": [
					{"origin": [1.19933, 24.72928, -3.7482], "size": [0.55, 2.1, 0.75], "uv": [97, 7]}
				]
			},
			{
				"name": "bone37",
				"parent": "bone36",
				"pivot": [1.62968, 25.87845, -3.6],
				"rotation": [-10, 0, -5],
				"cubes": [
					{"origin": [1.28289, 26.87047, -3.41924], "size": [0.3, 1.75, 0.25], "uv": [97, 7]}
				]
			},
			{
				"name": "bone38",
				"parent": "bone35",
				"pivot": [1.9, 25.85, -4],
				"rotation": [-14, 0, -5],
				"cubes": [
					{"origin": [1.28448, 26.87113, -4.07439], "size": [0.55, 1.9, 0.5], "uv": [97, 7]}
				]
			},
			{
				"name": "bone39",
				"parent": "bone34",
				"pivot": [1.45, 24.1, -3.15],
				"rotation": [5, 0, 0],
				"cubes": [
					{"origin": [1.6048, 24.96487, -3.59425], "size": [0.55, 1.85, 0.75], "uv": [97, 7]}
				]
			},
			{
				"name": "bone40",
				"parent": "bone39",
				"pivot": [2.25, 25.85206, -3.4471],
				"rotation": [-10, 0, -5],
				"cubes": [
					{"origin": [1.78908, 26.84871, -3.41609], "size": [0.45, 1.75, 0.4], "uv": [97, 7]}
				]
			},
			{
				"name": "bone41",
				"parent": "bone34",
				"pivot": [2.25, 25.85, -4],
				"rotation": [-15, 0, -5],
				"cubes": [
					{"origin": [1.74068, 26.84563, -4.09288], "size": [0.5, 1.75, 0.4], "uv": [97, 7]}
				]
			},
			{
				"name": "bone42",
				"parent": "bone33",
				"pivot": [1.65152, 23.83323, -3.50449],
				"rotation": [0, 0, 5],
				"cubes": [
					{"origin": [1.15074, 22.70724, -3.58829], "size": [0.5, 2, 1], "uv": [97, 7]}
				]
			},
			{
				"name": "hair",
				"parent": "head",
				"pivot": [0, 18, 0]
			},
			{
				"name": "hair4",
				"parent": "hair",
				"pivot": [0.45, 24.45, -3.15],
				"rotation": [-10, 0, -10],
				"cubes": [
					{"origin": [0.20882, 22.43163, -3.47043], "size": [1, 2, 1], "uv": [80, 0]}
				]
			},
			{
				"name": "bone4",
				"parent": "hair4",
				"pivot": [0.95, 21.49774, -3.20422],
				"rotation": [15, 0, 25],
				"cubes": [
					{"origin": [-0.21745, 20.73361, -3.2007], "size": [1, 1.75, 1], "uv": [80, 0]}
				]
			},
			{
				"name": "hair1",
				"parent": "hair",
				"pivot": [-0.65, 23.7, -3.15],
				"rotation": [-10, 0, -2],
				"cubes": [
					{"origin": [-1.15, 22.7, -3.65], "size": [1, 2, 1], "uv": [80, 0]}
				]
			},
			{
				"name": "hair2",
				"parent": "hair1",
				"pivot": [-1.1849, 21.71579, -3.47646],
				"rotation": [10, 1, -10],
				"cubes": [
					{"origin": [-0.97663, 21.19386, -3.47655], "size": [1, 1.5, 1], "uv": [80, 0]}
				]
			},
			{
				"name": "bone2",
				"parent": "hair2",
				"pivot": [-1.1849, 19.71579, -3.47646],
				"rotation": [10, 0, -15],
				"cubes": [
					{"origin": [-0.5925, 20.07628, -3.23537], "size": [1, 1, 1], "uv": [80, 0]}
				]
			},
			{
				"name": "hair3",
				"parent": "hair",
				"pivot": [0.1, 24.75, -3.15],
				"rotation": [-10, 0, -13],
				"cubes": [
					{"origin": [-0.57365, 22.78016, -3.47899], "size": [1, 2, 1], "uv": [80, 0]}
				]
			},
			{
				"name": "bone",
				"parent": "hair3",
				"pivot": [0.2527, 21.81031, -3.30798],
				"rotation": [10, 0, 10],
				"cubes": [
					{"origin": [-0.7447, 21.3103, -3.3053], "size": [1, 1.5, 1], "uv": [80, 0]}
				]
			},
			{
				"name": "bone3",
				"parent": "bone",
				"pivot": [0.10277, 19.81071, -3.3125],
				"rotation": [10, 0, 10],
				"cubes": [
					{"origin": [-0.98478, 20.02365, -3.03849], "size": [1, 1.25, 1], "uv": [80, 0]}
				]
			},
			{
				"name": "hair5",
				"parent": "hair",
				"pivot": [-2.75, 21.5, -3.15],
				"rotation": [-10, 0, 20],
				"cubes": [
					{"origin": [-3.93404, 21.86154, -3.89508], "size": [1, 2.5, 1], "uv": [80, 0]}
				]
			},
			{
				"name": "bone16",
				"parent": "hair5",
				"pivot": [-3.25, 20, -3.65],
				"rotation": [5, 0, -10],
				"cubes": [
					{"origin": [-3.6004, 19.46597, -3.72401], "size": [1, 2.5, 1], "uv": [80, 0]}
				]
			},
			{
				"name": "bone5",
				"parent": "bone16",
				"pivot": [-3.42427, 18.48469, -3.64606],
				"rotation": [5, 0, -15],
				"cubes": [
					{"origin": [-3.34042, 17.48113, -3.63713], "size": [1, 2, 1], "uv": [80, 0]}
				]
			},
			{
				"name": "bone8",
				"parent": "bone5",
				"pivot": [-3.42427, 16.48469, -3.64606],
				"rotation": [0, 0, -15],
				"cubes": [
					{"origin": [-3.08538, 15.82547, -3.63713], "size": [1, 1.6, 1], "uv": [80, 0]}
				]
			},
			{
				"name": "hair6",
				"parent": "hair",
				"pivot": [-2.5, 21.7, -3.05],
				"rotation": [-10, 0, 17],
				"cubes": [
					{"origin": [-3.63439, 22.0779, -3.79796], "size": [1, 2.5, 1], "uv": [80, 0]}
				]
			},
			{
				"name": "bone6",
				"parent": "hair6",
				"pivot": [-3, 20.2, -3.55],
				"rotation": [5, 0, -10],
				"cubes": [
					{"origin": [-3.29866, 19.67368, -3.62623], "size": [1, 2.5, 1], "uv": [80, 0]}
				]
			},
			{
				"name": "bone7",
				"parent": "bone6",
				"pivot": [-3.17427, 18.68469, -3.54606],
				"rotation": [4, 0, -12],
				"cubes": [
					{"origin": [-3.09032, 17.6811, -3.55675], "size": [1, 2, 1], "uv": [80, 0]}
				]
			},
			{
				"name": "bone9",
				"parent": "bone7",
				"pivot": [-3.17427, 17.68469, -3.54606],
				"rotation": [1, 0, -8],
				"cubes": [
					{"origin": [-3.09086, 15.66912, -3.55615], "size": [1, 2.05, 1], "uv": [80, 0]}
				]
			},
			{
				"name": "hair7",
				"parent": "hair",
				"pivot": [2.75, 21.5, -3.15],
				"rotation": [-10, 0, -20],
				"cubes": [
					{"origin": [2.93404, 21.86154, -3.89508], "size": [1, 2.5, 1], "uv": [80, 0]}
				]
			},
			{
				"name": "bone10",
				"parent": "hair7",
				"pivot": [3.25, 20, -3.65],
				"rotation": [5, 0, 10],
				"cubes": [
					{"origin": [2.6004, 19.46597, -3.72401], "size": [1, 2.5, 1], "uv": [80, 0]}
				]
			},
			{
				"name": "bone11",
				"parent": "bone10",
				"pivot": [3.42427, 18.48469, -3.64606],
				"rotation": [5, 0, 15],
				"cubes": [
					{"origin": [2.34042, 17.48113, -3.63713], "size": [1, 2, 1], "uv": [80, 0]}
				]
			},
			{
				"name": "bone12",
				"parent": "bone11",
				"pivot": [3.42427, 16.48469, -3.64606],
				"rotation": [0, 0, 15],
				"cubes": [
					{"origin": [2.08538, 15.82547, -3.63713], "size": [1, 1.6, 1], "uv": [80, 0]}
				]
			},
			{
				"name": "hair8",
				"parent": "hair",
				"pivot": [2.5, 21.7, -3.05],
				"rotation": [-10, 0, -17],
				"cubes": [
					{"origin": [2.63439, 22.0779, -3.79796], "size": [1, 2.5, 1], "uv": [80, 0]}
				]
			},
			{
				"name": "bone13",
				"parent": "hair8",
				"pivot": [3, 20.2, -3.55],
				"rotation": [5, 0, 10],
				"cubes": [
					{"origin": [2.29866, 19.67368, -3.62623], "size": [1, 2.5, 1], "uv": [80, 0]}
				]
			},
			{
				"name": "bone14",
				"parent": "bone13",
				"pivot": [3.17427, 18.68469, -3.54606],
				"rotation": [4, 0, 12],
				"cubes": [
					{"origin": [2.09032, 17.6811, -3.55675], "size": [1, 2, 1], "uv": [80, 0]}
				]
			},
			{
				"name": "bone15",
				"parent": "bone14",
				"pivot": [3.17427, 17.68469, -3.54606],
				"rotation": [1, 0, 8],
				"cubes": [
					{"origin": [2.09086, 15.66912, -3.55615], "size": [1, 2.05, 1], "uv": [80, 0]}
				]
			},
			{
				"name": "hair11",
				"parent": "hair",
				"pivot": [0, 18, 0]
			},
			{
				"name": "hair12",
				"parent": "hair11",
				"pivot": [-3.8, 22.5, -2.25],
				"rotation": [-5, 0, 17],
				"cubes": [
					{"origin": [-4.3, 21, -3], "size": [1.5, 3, 1.5], "uv": [80, 0]}
				]
			},
			{
				"name": "bone17",
				"parent": "hair12",
				"pivot": [-4.3, 21, -3],
				"rotation": [0, 0, -10],
				"cubes": [
					{"origin": [-4.3, 19, -3], "size": [1.5, 2, 1.5], "uv": [80, 0]}
				]
			},
			{
				"name": "bone18",
				"parent": "bone17",
				"pivot": [-4.3, 19, -3],
				"rotation": [0, 0, -15],
				"cubes": [
					{"origin": [-4.3, 16.25, -3], "size": [1.5, 2.75, 1.5], "uv": [80, 0]}
				]
			},
			{
				"name": "hair9",
				"parent": "hair11",
				"pivot": [-4, 21, 2],
				"rotation": [5, 0, 10],
				"cubes": [
					{"origin": [-4, 18, 1.5], "size": [1.5, 3, 1.5], "uv": [80, 0]}
				]
			},
			{
				"name": "bone19",
				"parent": "hair9",
				"pivot": [-4, 18, 1.5],
				"rotation": [10, 0, -5],
				"cubes": [
					{"origin": [-4, 16, 1.5], "size": [1.5, 2, 1.5], "uv": [80, 0]}
				]
			},
			{
				"name": "bone20",
				"parent": "bone19",
				"pivot": [-4, 16, 1.5],
				"rotation": [5, 0, -25],
				"cubes": [
					{"origin": [-4, 14, 1.5], "size": [1.5, 2, 1.5], "uv": [80, 0]}
				]
			},
			{
				"name": "bone21",
				"parent": "bone20",
				"pivot": [-4, 14, 1.5],
				"rotation": [5, 0, -15],
				"cubes": [
					{"origin": [-4, 12, 1.5], "size": [1.5, 2, 1.5], "uv": [80, 0]}
				]
			},
			{
				"name": "bone70",
				"parent": "bone21",
				"pivot": [-4, 12, 1.5],
				"rotation": [0, 0, -15],
				"cubes": [
					{"origin": [-4, 10, 1.5], "size": [1.5, 2, 1.5], "uv": [80, 0]}
				]
			},
			{
				"name": "bone72",
				"parent": "bone70",
				"pivot": [-4, 10, 1.5],
				"rotation": [0, 0, -15],
				"cubes": [
					{"origin": [-4, 9, 1.5], "size": [1.5, 1, 1.5], "uv": [80, 0]}
				]
			},
			{
				"name": "hair10",
				"parent": "hair11",
				"pivot": [-3.5, 21, 2.5],
				"rotation": [10, 0, 10],
				"cubes": [
					{"origin": [-3.5, 18, 2], "size": [1.5, 3, 1.5], "uv": [80, 0]}
				]
			},
			{
				"name": "bone22",
				"parent": "hair10",
				"pivot": [-3.5, 18, 2],
				"rotation": [10, 0, -5],
				"cubes": [
					{"origin": [-3.5, 16, 2], "size": [1.5, 2, 1.5], "uv": [80, 0]}
				]
			},
			{
				"name": "bone43",
				"parent": "bone22",
				"pivot": [-3.5, 16, 3.5],
				"rotation": [-5, 0, -25],
				"cubes": [
					{"origin": [-3.5, 14, 2], "size": [1.5, 2, 1.5], "uv": [80, 0]}
				]
			},
			{
				"name": "bone44",
				"parent": "bone43",
				"pivot": [-3.5, 14, 3.5],
				"rotation": [-5, 0, -10],
				"cubes": [
					{"origin": [-3.5, 12, 2], "size": [1.5, 2, 1.5], "uv": [80, 0]}
				]
			},
			{
				"name": "hair13",
				"parent": "hair11",
				"pivot": [-3, 21, 3],
				"rotation": [15, 0, 10],
				"cubes": [
					{"origin": [-3, 18, 2.5], "size": [1.5, 3, 1.5], "uv": [80, 0]}
				]
			},
			{
				"name": "bone45",
				"parent": "hair13",
				"pivot": [-3, 18, 4],
				"rotation": [-5, 0, -5],
				"cubes": [
					{"origin": [-3, 16, 2.5], "size": [1.5, 2, 1.5], "uv": [80, 0]}
				]
			},
			{
				"name": "bone46",
				"parent": "bone45",
				"pivot": [-3, 16, 4],
				"rotation": [-5, 0, -25],
				"cubes": [
					{"origin": [-3, 14, 2.5], "size": [1.5, 2, 1.5], "uv": [80, 0]}
				]
			},
			{
				"name": "bone47",
				"parent": "bone46",
				"pivot": [-3, 14, 4],
				"rotation": [0, 0, -10],
				"cubes": [
					{"origin": [-3, 12, 2.5], "size": [1.5, 2, 1.5], "uv": [80, 0]}
				]
			},
			{
				"name": "hair14",
				"parent": "hair11",
				"pivot": [-2.75, 21, 3],
				"rotation": [16, 0, 5],
				"cubes": [
					{"origin": [-2.75, 18, 2.5], "size": [2.5, 3, 1.5], "uv": [80, 0]}
				]
			},
			{
				"name": "bone48",
				"parent": "hair14",
				"pivot": [-2.75, 18, 4],
				"rotation": [-5, 0, -5],
				"cubes": [
					{"origin": [-2.75, 16, 2.5], "size": [2.5, 2, 1.5], "uv": [80, 0]}
				]
			},
			{
				"name": "bone49",
				"parent": "bone48",
				"pivot": [-2.75, 16, 4],
				"rotation": [-5, 0, -15],
				"cubes": [
					{"origin": [-2.75, 14, 2.5], "size": [2.5, 2, 1.5], "uv": [80, 0]}
				]
			},
			{
				"name": "bone50",
				"parent": "bone49",
				"pivot": [-2.75, 14, 4],
				"rotation": [-5, 0, -10],
				"cubes": [
					{"origin": [-2.75, 12, 2.5], "size": [1.5, 2, 1.5], "uv": [80, 0]}
				]
			},
			{
				"name": "hair21",
				"parent": "hair",
				"pivot": [-1.25, 21, 3],
				"rotation": [17, 0, 0],
				"cubes": [
					{"origin": [-2.25, 18, 2.5], "size": [4.5, 3, 1.5], "uv": [80, 0]}
				]
			},
			{
				"name": "bone65",
				"parent": "hair21",
				"pivot": [-1.25, 18, 4],
				"rotation": [-5, 0, 0],
				"cubes": [
					{"origin": [-2.25, 16, 2.5], "size": [4.5, 2, 1.5], "uv": [80, 0]}
				]
			},
			{
				"name": "bone66",
				"parent": "bone65",
				"pivot": [-1.25, 16, 4],
				"rotation": [-7, 0, 0],
				"cubes": [
					{"origin": [-2.25, 14, 2.5], "size": [4.5, 2, 1.5], "uv": [80, 0]}
				]
			},
			{
				"name": "bone67",
				"parent": "bone66",
				"pivot": [-1.25, 14, 4],
				"rotation": [-8, 0, 0],
				"cubes": [
					{"origin": [-1.25, 12, 2.5], "size": [2.5, 2, 1.5], "uv": [80, 0]}
				]
			},
			{
				"name": "bone68",
				"parent": "bone66",
				"pivot": [-2.25, 14, 4],
				"rotation": [-7, 0, -20],
				"cubes": [
					{"origin": [-2.25, 12, 2.5], "size": [1.5, 2, 1.5], "uv": [80, 0]}
				]
			},
			{
				"name": "bone69",
				"parent": "bone66",
				"pivot": [2.25, 14, 4],
				"rotation": [-7, 0, 20],
				"cubes": [
					{"origin": [0.75, 12, 2.5], "size": [1.5, 2, 1.5], "uv": [80, 0]}
				]
			},
			{
				"name": "hair15",
				"parent": "hair",
				"pivot": [0, 18, 0]
			},
			{
				"name": "hair16",
				"parent": "hair15",
				"pivot": [3.8, 22.5, -2.25],
				"rotation": [-5, 0, -17],
				"cubes": [
					{"origin": [2.8, 21, -3], "size": [1.5, 3, 1.5], "uv": [80, 0]}
				]
			},
			{
				"name": "bone51",
				"parent": "hair16",
				"pivot": [4.3, 21, -3],
				"rotation": [0, 0, 10],
				"cubes": [
					{"origin": [2.8, 19, -3], "size": [1.5, 2, 1.5], "uv": [80, 0]}
				]
			},
			{
				"name": "bone52",
				"parent": "bone51",
				"pivot": [4.3, 19, -3],
				"rotation": [0, 0, 15],
				"cubes": [
					{"origin": [2.8, 16.25, -3], "size": [1.5, 2.75, 1.5], "uv": [80, 0]}
				]
			},
			{
				"name": "hair17",
				"parent": "hair15",
				"pivot": [4, 21, 2],
				"rotation": [5, 0, -10],
				"cubes": [
					{"origin": [2.5, 18, 1.5], "size": [1.5, 3, 1.5], "uv": [80, 0]}
				]
			},
			{
				"name": "bone53",
				"parent": "hair17",
				"pivot": [4, 18, 1.5],
				"rotation": [10, 0, 5],
				"cubes": [
					{"origin": [2.5, 16, 1.5], "size": [1.5, 2, 1.5], "uv": [80, 0]}
				]
			},
			{
				"name": "bone54",
				"parent": "bone53",
				"pivot": [4, 16, 1.5],
				"rotation": [5, 0, 25],
				"cubes": [
					{"origin": [2.5, 14, 1.5], "size": [1.5, 2, 1.5], "uv": [80, 0]}
				]
			},
			{
				"name": "bone55",
				"parent": "bone54",
				"pivot": [4, 14, 1.5],
				"rotation": [5, 0, 15],
				"cubes": [
					{"origin": [2.5, 12, 1.5], "size": [1.5, 2, 1.5], "uv": [80, 0]}
				]
			},
			{
				"name": "bone56",
				"parent": "bone55",
				"pivot": [4, 12, 1.5],
				"rotation": [0, 0, 15],
				"cubes": [
					{"origin": [2.5, 10, 1.5], "size": [1.5, 2, 1.5], "uv": [80, 0]}
				]
			},
			{
				"name": "bone57",
				"parent": "bone56",
				"pivot": [4, 10, 1.5],
				"rotation": [0, 0, 15],
				"cubes": [
					{"origin": [2.5, 9, 1.5], "size": [1.5, 1, 1.5], "uv": [80, 0]}
				]
			},
			{
				"name": "hair18",
				"parent": "hair15",
				"pivot": [3.5, 21, 2.5],
				"rotation": [10, 0, -10],
				"cubes": [
					{"origin": [2, 18, 2], "size": [1.5, 3, 1.5], "uv": [80, 0]}
				]
			},
			{
				"name": "bone58",
				"parent": "hair18",
				"pivot": [3.5, 18, 2],
				"rotation": [10, 0, 5],
				"cubes": [
					{"origin": [2, 16, 2], "size": [1.5, 2, 1.5], "uv": [80, 0]}
				]
			},
			{
				"name": "bone59",
				"parent": "bone58",
				"pivot": [3.5, 16, 3.5],
				"rotation": [-5, 0, 25],
				"cubes": [
					{"origin": [2, 14, 2], "size": [1.5, 2, 1.5], "uv": [80, 0]}
				]
			},
			{
				"name": "bone60",
				"parent": "bone59",
				"pivot": [3.5, 14, 3.5],
				"rotation": [-5, 0, 10],
				"cubes": [
					{"origin": [2, 12, 2], "size": [1.5, 2, 1.5], "uv": [80, 0]}
				]
			},
			{
				"name": "hair19",
				"parent": "hair15",
				"pivot": [3, 21, 3],
				"rotation": [15, 0, -10],
				"cubes": [
					{"origin": [1.5, 18, 2.5], "size": [1.5, 3, 1.5], "uv": [80, 0]}
				]
			},
			{
				"name": "bone61",
				"parent": "hair19",
				"pivot": [3, 18, 4],
				"rotation": [-5, 0, 5],
				"cubes": [
					{"origin": [1.5, 16, 2.5], "size": [1.5, 2, 1.5], "uv": [80, 0]}
				]
			},
			{
				"name": "bone62",
				"parent": "bone61",
				"pivot": [3, 16, 4],
				"rotation": [-5, 0, 25],
				"cubes": [
					{"origin": [1.5, 14, 2.5], "size": [1.5, 2, 1.5], "uv": [80, 0]}
				]
			},
			{
				"name": "bone63",
				"parent": "bone62",
				"pivot": [3, 14, 4],
				"rotation": [0, 0, 10],
				"cubes": [
					{"origin": [1.5, 12, 2.5], "size": [1.5, 2, 1.5], "uv": [80, 0]}
				]
			},
			{
				"name": "hair20",
				"parent": "hair15",
				"pivot": [2.75, 21, 3],
				"rotation": [16, 0, -5],
				"cubes": [
					{"origin": [0.25, 18, 2.5], "size": [2.5, 3, 1.5], "uv": [80, 0]}
				]
			},
			{
				"name": "bone64",
				"parent": "hair20",
				"pivot": [2.75, 18, 4],
				"rotation": [-5, 0, 5],
				"cubes": [
					{"origin": [0.25, 16, 2.5], "size": [2.5, 2, 1.5], "uv": [80, 0]}
				]
			},
			{
				"name": "bone71",
				"parent": "bone64",
				"pivot": [2.75, 16, 4],
				"rotation": [-5, 0, 15],
				"cubes": [
					{"origin": [0.25, 14, 2.5], "size": [2.5, 2, 1.5], "uv": [80, 0]}
				]
			},
			{
				"name": "bone73",
				"parent": "bone71",
				"pivot": [2.75, 14, 4],
				"rotation": [-5, 0, 10],
				"cubes": [
					{"origin": [1.25, 12, 2.5], "size": [1.5, 2, 1.5], "uv": [80, 0]}
				]
			},
			{
				"name": "hair22",
				"parent": "hair",
				"pivot": [0, 13, 5.5],
				"rotation": [20, 0, 15],
				"cubes": [
					{"origin": [-0.75, 10, 4], "size": [1.5, 3, 1.5], "uv": [80, 0]}
				]
			},
			{
				"name": "bone74",
				"parent": "hair22",
				"pivot": [0.75, 10, 4],
				"rotation": [10, 0, 15],
				"cubes": [
					{"origin": [-0.75, 7, 4], "size": [1.5, 3, 1.5], "uv": [80, 0]}
				]
			},
			{
				"name": "bone75",
				"parent": "bone74",
				"pivot": [0.75, 7, 4],
				"rotation": [5, 0, 15],
				"cubes": [
					{"origin": [-0.75, 4, 4], "size": [1.5, 3, 1.5], "uv": [80, 0]}
				]
			},
			{
				"name": "hair23",
				"parent": "hair22",
				"pivot": [0.3, 13.2, 5.4],
				"rotation": [-2, 0, -10],
				"cubes": [
					{"origin": [-0.45, 10.2, 3.9], "size": [1.5, 3, 1.5], "uv": [80, 0]}
				]
			},
			{
				"name": "bone77",
				"parent": "hair23",
				"pivot": [1.05, 10.2, 3.9],
				"rotation": [10, 0, 15],
				"cubes": [
					{"origin": [-0.45, 7.2, 3.9], "size": [1.5, 3, 1.5], "uv": [80, 0]}
				]
			},
			{
				"name": "bone78",
				"parent": "bone77",
				"pivot": [1.05, 7.2, 3.9],
				"rotation": [5, 0, 15],
				"cubes": [
					{"origin": [-0.45, 4.2, 3.9], "size": [1.5, 3, 1.5], "uv": [80, 0]}
				]
			},
			{
				"name": "bone79",
				"parent": "bone78",
				"pivot": [1.05, 4.2, 3.9],
				"rotation": [0, 0, 25],
				"cubes": [
					{"origin": [-0.45, 2.2, 3.9], "size": [1.5, 2, 1.5], "uv": [80, 0]}
				]
			},
			{
				"name": "bone80",
				"parent": "head",
				"pivot": [-0.5, 12.25, 5.5],
				"rotation": [15, 0, 0],
				"cubes": [
					{"origin": [-1.5, 11.75, 3.75], "size": [3, 1.25, 2.25], "uv": [64, 20]}
				]
			},
			{
				"name": "bone82",
				"parent": "bone80",
				"pivot": [-1.5, 11.41348, 4.75822],
				"rotation": [20, 0, 0]
			},
			{
				"name": "bone81",
				"parent": "bone82",
				"pivot": [0, 11.41348, 5.75822],
				"rotation": [0, 0, -45],
				"cubes": [
					{"origin": [-1.5, 9.91348, 4.25822], "size": [3, 3, 3], "uv": [46, 14]},
					{"origin": [-1, 9.66348, 4.75822], "size": [2, 3.5, 2], "uv": [38, 65]},
					{"origin": [-1, 10.41348, 4.00822], "size": [2, 2, 3.5], "uv": [30, 62]},
					{"origin": [-1.75, 10.41348, 4.75822], "size": [3.5, 2, 2], "uv": [62, 46]}
				]
			},
			{
				"name": "body",
				"pivot": [0, 9.5, 0],
				"cubes": [
					{"origin": [-3, 12.999, -2], "size": [6, 5, 4], "uv": [0, 26]},
					{"origin": [-3.5, 8.999, -2], "size": [7, 4, 4], "uv": [28, 0]}
				]
			},
			{
				"name": "clothes",
				"parent": "body",
				"pivot": [0, 9.5, 0]
			},
			{
				"name": "clothes2",
				"parent": "clothes",
				"pivot": [0, 9.5, 0]
			},
			{
				"name": "bone105",
				"parent": "clothes2",
				"pivot": [2.25, 16.8, 0],
				"rotation": [0, 0, -45],
				"cubes": [
					{"origin": [1.95711, 17.00711, -2.25], "size": [2, 1, 4.5], "uv": [80, 5]}
				]
			},
			{
				"name": "bone106",
				"parent": "bone105",
				"pivot": [1.25, 16.3, -2.25],
				"rotation": [0, 0, 20],
				"cubes": [
					{"origin": [-0.42738, 17.20631, -2.25], "size": [2.1, 1, 4.5], "uv": [79, 4]}
				]
			},
			{
				"name": "bone107",
				"parent": "bone106",
				"pivot": [-0.85, 17.3, -2.25],
				"rotation": [0, 0, -25],
				"cubes": [
					{"origin": [-0.08396, 16.94279, -2.15], "size": [2.1, 1, 4.3], "uv": [92, 0]},
					{"origin": [-0.08396, 16.94279, -2.25], "size": [2.1, 0.75, 4.5], "uv": [80, 5]}
				]
			},
			{
				"name": "bone76",
				"parent": "bone107",
				"pivot": [2.01604, 17.69279, -2.25],
				"rotation": [0, 0, 27],
				"cubes": [
					{"origin": [2.01604, 16.94279, -2.25], "size": [1.6, 0.75, 4.5], "uv": [80, 5]}
				]
			},
			{
				"name": "bone108",
				"parent": "bone107",
				"pivot": [1.25, 17.3, -2.25],
				"rotation": [0, 0, 35],
				"cubes": [
					{"origin": [1.52564, 17.26126, -2.15], "size": [1.75, 1, 4.3], "uv": [91, 0]}
				]
			},
			{
				"name": "bone83",
				"parent": "clothes2",
				"pivot": [-2.25, 16.8, 0],
				"rotation": [0, 0, 45],
				"cubes": [
					{"origin": [-3.95711, 17.00711, -2.25], "size": [2, 1, 4.5], "uv": [80, 5]}
				]
			},
			{
				"name": "bone84",
				"parent": "bone83",
				"pivot": [-1.25, 16.3, -2.25],
				"rotation": [0, 0, -20],
				"cubes": [
					{"origin": [-1.67262, 17.20631, -2.25], "size": [2.1, 1, 4.5], "uv": [81, 5]}
				]
			},
			{
				"name": "bone85",
				"parent": "bone84",
				"pivot": [0.85, 17.3, -2.25],
				"rotation": [0, 0, 25],
				"cubes": [
					{"origin": [-2.01604, 16.94279, -2.15], "size": [2.1, 1, 4.3], "uv": [92, 0]},
					{"origin": [-2.01604, 16.94279, -2.25], "size": [2.1, 0.75, 4.5], "uv": [80, 5]}
				]
			},
			{
				"name": "bone86",
				"parent": "bone85",
				"pivot": [-2.01604, 17.69279, -2.25],
				"rotation": [0, 0, -27],
				"cubes": [
					{"origin": [-3.61604, 16.94279, -2.25], "size": [1.6, 0.75, 4.5], "uv": [80, 5]}
				]
			},
			{
				"name": "bone87",
				"parent": "bone85",
				"pivot": [-1.25, 17.3, -2.25],
				"rotation": [0, 0, -35],
				"cubes": [
					{"origin": [-3.27564, 17.26126, -2.15], "size": [1.75, 1, 4.3], "uv": [92, 0]}
				]
			},
			{
				"name": "clothes3",
				"parent": "clothes",
				"pivot": [0, 9.5, 0]
			},
			{
				"name": "bone109",
				"parent": "clothes3",
				"pivot": [-0.5, 15.75, -1.9],
				"rotation": [50, 0, 0]
			},
			{
				"name": "bone110",
				"parent": "bone109",
				"pivot": [-0.3, 16.25, -2.65],
				"rotation": [0, -69, -2],
				"cubes": [
					{"origin": [0.4232, 15.8924, -2.64642], "size": [0.8, 1, 2.25], "uv": [83, 6]}
				]
			},
			{
				"name": "bone111",
				"parent": "clothes3",
				"pivot": [0.5, 15.75, -1.9],
				"rotation": [50, 0, 0],
				"cubes": [
					{"origin": [-0.3, 15.89279, -1.88396], "size": [0.6, 1, 1], "uv": [83, 6]}
				]
			},
			{
				"name": "bone112",
				"parent": "bone111",
				"pivot": [0.3, 16.25, -2.65],
				"rotation": [0, 69, 2],
				"cubes": [
					{"origin": [-1.2232, 15.8924, -2.64642], "size": [0.8, 1, 2.25], "uv": [83, 6]}
				]
			},
			{
				"name": "clothe",
				"parent": "clothes",
				"pivot": [0, 9.5, 0]
			},
			{
				"name": "bone88",
				"parent": "clothe",
				"pivot": [-3.05, 14.5, -1.9],
				"rotation": [0, 0, -15],
				"cubes": [
					{"origin": [-3.05, 12.5, -2.15], "size": [3.25, 2, 4.25], "uv": [44, 37]}
				]
			},
			{
				"name": "bone89",
				"parent": "clothe",
				"pivot": [3.05, 14.5, -1.9],
				"rotation": [0, 0, 15],
				"cubes": [
					{"origin": [-0.2, 12.5, -2.15], "size": [3.25, 2, 4.25], "uv": [44, 44]}
				]
			},
			{
				"name": "bone91",
				"parent": "clothe",
				"pivot": [0, 14.05, -2.3]
			},
			{
				"name": "bone90",
				"parent": "bone91",
				"pivot": [-0.1, 14.675, -2.05],
				"rotation": [0, 0, -10],
				"cubes": [
					{"origin": [-0.35, 14.2, -2.3], "size": [0.5, 0.85, 0.5], "uv": [78, 4], "inflate": -0.1}
				]
			},
			{
				"name": "bone92",
				"parent": "bone91",
				"pivot": [0.1, 14.675, -2.05],
				"rotation": [0, 0, 10],
				"cubes": [
					{"origin": [-0.15, 14.2, -2.3], "size": [0.5, 0.85, 0.5], "uv": [78, 4], "inflate": -0.1}
				]
			},
			{
				"name": "bone93",
				"parent": "clothe",
				"pivot": [0, 14.05, -2.3],
				"rotation": [0, 0, -90]
			},
			{
				"name": "bone94",
				"parent": "bone93",
				"pivot": [-0.1, 14.675, -2.05],
				"rotation": [0, 0, -10],
				"cubes": [
					{"origin": [-0.35, 14.2, -2.3], "size": [0.5, 0.85, 0.5], "uv": [78, 4], "inflate": -0.1}
				]
			},
			{
				"name": "bone95",
				"parent": "bone93",
				"pivot": [0.1, 14.675, -2.05],
				"rotation": [0, 0, 10],
				"cubes": [
					{"origin": [-0.15, 14.2, -2.3], "size": [0.5, 0.85, 0.5], "uv": [78, 4], "inflate": -0.1}
				]
			},
			{
				"name": "bone96",
				"parent": "clothe",
				"pivot": [0, 14.05, -2.3],
				"rotation": [0, 0, -180]
			},
			{
				"name": "bone97",
				"parent": "bone96",
				"pivot": [-0.1, 14.675, -2.05],
				"rotation": [0, 0, -10],
				"cubes": [
					{"origin": [-0.35, 14.2, -2.3], "size": [0.5, 0.85, 0.5], "uv": [78, 4], "inflate": -0.1}
				]
			},
			{
				"name": "bone98",
				"parent": "bone96",
				"pivot": [0.1, 14.675, -2.05],
				"rotation": [0, 0, 10],
				"cubes": [
					{"origin": [-0.15, 14.2, -2.3], "size": [0.5, 0.85, 0.5], "uv": [78, 4], "inflate": -0.1}
				]
			},
			{
				"name": "bone99",
				"parent": "clothe",
				"pivot": [0, 14.05, -2.3],
				"rotation": [0, 0, 90]
			},
			{
				"name": "bone100",
				"parent": "bone99",
				"pivot": [-0.1, 14.675, -2.05],
				"rotation": [0, 0, -10],
				"cubes": [
					{"origin": [-0.35, 14.2, -2.3], "size": [0.5, 0.85, 0.5], "uv": [78, 4], "inflate": -0.1}
				]
			},
			{
				"name": "bone101",
				"parent": "bone99",
				"pivot": [0.1, 14.675, -2.05],
				"rotation": [0, 0, 10],
				"cubes": [
					{"origin": [-0.15, 14.2, -2.3], "size": [0.5, 0.85, 0.5], "uv": [78, 4], "inflate": -0.1}
				]
			},
			{
				"name": "clothe2",
				"parent": "clothes",
				"pivot": [0, 9.5, 0],
				"cubes": [
					{"origin": [-0.5, 11.3, -2.25], "size": [1, 1.3, 4.4], "uv": [39, 60]},
					{"origin": [-0.75, 10.05, -2.2], "size": [1.5, 1.3, 4.3], "uv": [59, 29]}
				]
			},
			{
				"name": "bone102",
				"parent": "clothe2",
				"pivot": [-1.75, 12.85, -1.75],
				"rotation": [0, 0, 20],
				"cubes": [
					{"origin": [-3.5, 11.85, -2.25], "size": [3.5, 2, 4.4], "uv": [34, 41]}
				]
			},
			{
				"name": "bone103",
				"parent": "clothe2",
				"pivot": [1.75, 12.85, -1.75],
				"rotation": [0, 0, -20],
				"cubes": [
					{"origin": [0, 11.85, -2.25], "size": [3.5, 2, 4.4], "uv": [40, 20]}
				]
			},
			{
				"name": "sittingRotationSkirt",
				"parent": "clothe2",
				"pivot": [0, 11.5, 0]
			},
			{
				"name": "bone116",
				"parent": "sittingRotationSkirt",
				"pivot": [1.75, 10.9, -1.75],
				"rotation": [0, 0, 35],
				"cubes": [
					{"origin": [-0.25, 9.9, -2.2], "size": [3.75, 2, 4.3], "uv": [8, 39]}
				]
			},
			{
				"name": "bone117",
				"parent": "bone116",
				"pivot": [3.5, 11.9, -2.2],
				"rotation": [0, 0, 50],
				"cubes": [
					{"origin": [3.5, 7.9, -2.2], "size": [2, 4, 4.3], "uv": [0, 35]}
				]
			},
			{
				"name": "bone135",
				"parent": "bone117",
				"pivot": [5.4, 7.9, -2.2],
				"rotation": [0, 0, -6]
			},
			{
				"name": "bone136",
				"parent": "bone135",
				"pivot": [5.5, 7.9, -0.2],
				"rotation": [0, 6, 0],
				"cubes": [
					{"origin": [5.5, 9.9, -2.2], "size": [6, 2, 1.8], "uv": [52, 52]}
				]
			},
			{
				"name": "bone137",
				"parent": "bone117",
				"pivot": [5.26927, 6.40571, -2.15],
				"rotation": [0, 0, -3]
			},
			{
				"name": "bone138",
				"parent": "bone137",
				"pivot": [5.36927, 6.40571, -0.15],
				"rotation": [0, 6, 0],
				"cubes": [
					{"origin": [5.36927, 8.40571, -2.15], "size": [6, 2, 1.8], "uv": [0, 52]}
				]
			},
			{
				"name": "bone139",
				"parent": "bone117",
				"pivot": [5.19954, 5.60875, -2.2],
				"rotation": [0, 0, 1]
			},
			{
				"name": "bone140",
				"parent": "bone139",
				"pivot": [5.29954, 5.60875, -0.2],
				"rotation": [0, 6, 0],
				"cubes": [
					{"origin": [5.29954, 7.60875, -2.2], "size": [6, 2, 1.8], "uv": [50, 20]}
				]
			},
			{
				"name": "bone141",
				"parent": "bone117",
				"pivot": [5.4, 7.9, -2.2],
				"rotation": [0, 0, -6]
			},
			{
				"name": "bone142",
				"parent": "bone141",
				"pivot": [5.49046, 7.85092, 0.55],
				"rotation": [0, 2, 0],
				"cubes": [
					{"origin": [5.49046, 9.85092, -1.45], "size": [6, 2, 1.8], "uv": [50, 9]}
				]
			},
			{
				"name": "bone143",
				"parent": "bone116",
				"pivot": [3.5, 11.9, 2.2],
				"rotation": [0, 0, 50]
			},
			{
				"name": "bone144",
				"parent": "bone143",
				"pivot": [5.4, 7.9, 2.2],
				"rotation": [0, 0, -6]
			},
			{
				"name": "bone145",
				"parent": "bone144",
				"pivot": [5.5, 7.9, 0.2],
				"rotation": [0, -6, 0],
				"cubes": [
					{"origin": [5.5, 9.9, 0.4], "size": [6, 2, 1.8], "uv": [50, 6]}
				]
			},
			{
				"name": "bone146",
				"parent": "bone143",
				"pivot": [5.26927, 6.40571, 2.15],
				"rotation": [0, 0, -3]
			},
			{
				"name": "bone147",
				"parent": "bone146",
				"pivot": [5.36927, 6.40571, 0.15],
				"rotation": [0, -6, 0],
				"cubes": [
					{"origin": [5.36927, 8.40571, 0.35], "size": [6, 2, 1.8], "uv": [50, 3]}
				]
			},
			{
				"name": "bone148",
				"parent": "bone143",
				"pivot": [5.19954, 5.60875, 2.2],
				"rotation": [0, 0, 1]
			},
			{
				"name": "bone149",
				"parent": "bone148",
				"pivot": [5.29954, 5.60875, 0.2],
				"rotation": [0, -6, 0],
				"cubes": [
					{"origin": [5.29954, 7.60875, 0.4], "size": [6, 2, 1.8], "uv": [46, 33]}
				]
			},
			{
				"name": "bone150",
				"parent": "bone143",
				"pivot": [5.4, 7.9, 2.2],
				"rotation": [0, 0, -6]
			},
			{
				"name": "bone151",
				"parent": "bone150",
				"pivot": [5.49046, 7.85092, -0.55],
				"rotation": [0, -2, 0],
				"cubes": [
					{"origin": [5.49046, 9.85092, -0.35], "size": [6, 2, 1.8], "uv": [46, 0]}
				]
			},
			{
				"name": "bone104",
				"parent": "sittingRotationSkirt",
				"pivot": [-1.75, 10.9, -1.75],
				"rotation": [0, 0, -35],
				"cubes": [
					{"origin": [-3.5, 9.9, -2.2], "size": [3.75, 2, 4.3], "uv": [40, 8]}
				]
			},
			{
				"name": "bone115",
				"parent": "bone104",
				"pivot": [-3.5, 11.9, -2.2],
				"rotation": [0, 0, -50],
				"cubes": [
					{"origin": [-5.5, 7.9, -2.2], "size": [2, 4, 4.3], "uv": [22, 39]}
				]
			},
			{
				"name": "bone119",
				"parent": "bone115",
				"pivot": [-5.4, 7.9, -2.2],
				"rotation": [0, 0, 6]
			},
			{
				"name": "bone118",
				"parent": "bone119",
				"pivot": [-5.5, 7.9, -0.2],
				"rotation": [0, -6, 0],
				"cubes": [
					{"origin": [-11.5, 9.9, -2.2], "size": [6, 2, 1.8], "uv": [56, 26]}
				]
			},
			{
				"name": "bone120",
				"parent": "bone115",
				"pivot": [-5.26927, 6.40571, -2.15],
				"rotation": [0, 0, 3]
			},
			{
				"name": "bone121",
				"parent": "bone120",
				"pivot": [-5.36927, 6.40571, -0.15],
				"rotation": [0, -6, 0],
				"cubes": [
					{"origin": [-11.36927, 8.40571, -2.15], "size": [6, 2, 1.8], "uv": [0, 56]}
				]
			},
			{
				"name": "bone122",
				"parent": "bone115",
				"pivot": [-5.19954, 5.60875, -2.2],
				"rotation": [0, 0, -1]
			},
			{
				"name": "bone123",
				"parent": "bone122",
				"pivot": [-5.29954, 5.60875, -0.2],
				"rotation": [0, -6, 0],
				"cubes": [
					{"origin": [-11.29954, 7.60875, -2.2], "size": [6, 2, 1.8], "uv": [55, 12]}
				]
			},
			{
				"name": "bone124",
				"parent": "bone115",
				"pivot": [-5.4, 7.9, -2.2],
				"rotation": [0, 0, 6]
			},
			{
				"name": "bone125",
				"parent": "bone124",
				"pivot": [-5.49046, 7.85092, 0.55],
				"rotation": [0, -2, 0],
				"cubes": [
					{"origin": [-11.49046, 9.85092, -1.45], "size": [6, 2, 1.8], "uv": [52, 55]}
				]
			},
			{
				"name": "bone126",
				"parent": "bone104",
				"pivot": [-3.5, 11.9, 2.2],
				"rotation": [0, 0, -50]
			},
			{
				"name": "bone127",
				"parent": "bone126",
				"pivot": [-5.4, 7.9, 2.2],
				"rotation": [0, 0, 6]
			},
			{
				"name": "bone128",
				"parent": "bone127",
				"pivot": [-5.5, 7.9, 0.2],
				"rotation": [0, 6, 0],
				"cubes": [
					{"origin": [-11.5, 9.9, 0.4], "size": [6, 2, 1.8], "uv": [54, 43]}
				]
			},
			{
				"name": "bone129",
				"parent": "bone126",
				"pivot": [-5.26927, 6.40571, 2.15],
				"rotation": [0, 0, 3]
			},
			{
				"name": "bone130",
				"parent": "bone129",
				"pivot": [-5.36927, 6.40571, 0.15],
				"rotation": [0, 6, 0],
				"cubes": [
					{"origin": [-11.36927, 8.40571, 0.35], "size": [6, 2, 1.8], "uv": [54, 36]}
				]
			},
			{
				"name": "bone131",
				"parent": "bone126",
				"pivot": [-5.19954, 5.60875, 2.2],
				"rotation": [0, 0, -1]
			},
			{
				"name": "bone132",
				"parent": "bone131",
				"pivot": [-5.29954, 5.60875, 0.2],
				"rotation": [0, 6, 0],
				"cubes": [
					{"origin": [-11.29954, 7.60875, 0.4], "size": [6, 2, 1.8], "uv": [54, 23]}
				]
			},
			{
				"name": "bone133",
				"parent": "bone126",
				"pivot": [-5.4, 7.9, 2.2],
				"rotation": [0, 0, 6]
			},
			{
				"name": "bone134",
				"parent": "bone133",
				"pivot": [-5.49046, 7.85092, -0.55],
				"rotation": [0, 2, 0],
				"cubes": [
					{"origin": [-11.49046, 9.85092, -0.35], "size": [6, 2, 1.8], "uv": [13, 54]}
				]
			},
			{
				"name": "clothe3",
				"parent": "clothes",
				"pivot": [0, 9.5, 0]
			},
			{
				"name": "bone152",
				"parent": "clothe3",
				"pivot": [0, 2.25, 1.25],
				"rotation": [-5, 0, 0],
				"cubes": [
					{"origin": [-0.5, 11, -3.5], "size": [1, 2, 1], "uv": [4, 67]}
				]
			},
			{
				"name": "bone153",
				"parent": "bone152",
				"pivot": [-1, 12.25, -2.5],
				"rotation": [-5, 0, 15],
				"cubes": [
					{"origin": [-1.5, 11.20642, -3.2481], "size": [1.25, 2, 1], "uv": [66, 62]}
				]
			},
			{
				"name": "bone154",
				"parent": "bone153",
				"pivot": [-1.5, 11.25, -2.5],
				"rotation": [0, 0, -25]
			},
			{
				"name": "bone155",
				"parent": "bone152",
				"pivot": [1, 12.25, -2.5],
				"rotation": [-5, 0, -15],
				"cubes": [
					{"origin": [0.25, 11.20642, -3.2481], "size": [1.25, 2, 1], "uv": [60, 0]}
				]
			},
			{
				"name": "bone156",
				"parent": "bone155",
				"pivot": [1.5, 11.25, -2.5],
				"rotation": [0, 0, 25]
			},
			{
				"name": "bone157",
				"parent": "bone152",
				"pivot": [0.8, 11.725, -2.8],
				"rotation": [-5, 10, 40],
				"cubes": [
					{"origin": [0.8, 11.6, -3.05], "size": [3.25, 1, 1], "uv": [104, 0]},
					{"origin": [0.8, 10.6, -3.05], "size": [3.25, 1, 1], "uv": [104, 2]}
				]
			},
			{
				"name": "bone158",
				"parent": "bone157",
				"pivot": [0.8, 10.85, -2.7],
				"rotation": [0, 0, 25],
				"cubes": [
					{"origin": [0.8, 10.85, -2.95], "size": [3.5, 1, 1], "uv": [104, 0]},
					{"origin": [0.8, 9.85, -2.95], "size": [3.5, 1, 1], "uv": [104, 2]}
				]
			},
			{
				"name": "bone160",
				"parent": "bone152",
				"pivot": [-0.8, 11.725, -2.8],
				"rotation": [-5, -10, -40],
				"cubes": [
					{"origin": [-4.05, 11.6, -3.05], "size": [3.25, 1, 1], "uv": [104, 0]},
					{"origin": [-4.05, 10.6, -3.05], "size": [3.25, 1, 1], "uv": [104, 2]}
				]
			},
			{
				"name": "bone161",
				"parent": "bone160",
				"pivot": [-0.8, 10.85, -2.7],
				"rotation": [0, 0, -25],
				"cubes": [
					{"origin": [-4.3, 10.85, -2.95], "size": [3.5, 1, 1], "uv": [104, 0]},
					{"origin": [-4.3, 9.85, -2.95], "size": [3.5, 1, 1], "uv": [104, 2]}
				]
			},
			{
				"name": "bone159",
				"parent": "clothe3",
				"pivot": [0, 16.45, -2.5],
				"rotation": [-30, 0, 0]
			},
			{
				"name": "bone162",
				"parent": "bone159",
				"pivot": [0.15, 16.2, -2.6],
				"rotation": [0, 0, -34],
				"cubes": [
					{"origin": [0.05, 15.7, -2.7], "size": [0.2, 0.75, 0.2], "uv": [60, 23]}
				]
			},
			{
				"name": "bone163",
				"parent": "bone162",
				"pivot": [0.05, 15.7, -2.6],
				"rotation": [0, 0, -20],
				"cubes": [
					{"origin": [0.05, 15.2, -2.7], "size": [0.2, 0.5, 0.2], "uv": [60, 23]}
				]
			},
			{
				"name": "bone164",
				"parent": "bone163",
				"pivot": [0.05, 15.2, -2.6],
				"rotation": [0, 0, -45],
				"cubes": [
					{"origin": [0.05, 14.85, -2.7], "size": [0.2, 0.35, 0.2], "uv": [60, 23]}
				]
			},
			{
				"name": "bone165",
				"parent": "bone164",
				"pivot": [0.05, 14.85, -2.7],
				"rotation": [0, 0, -50],
				"cubes": [
					{"origin": [0.05, 14.6, -2.7], "size": [0.2, 0.25, 0.2], "uv": [60, 23]}
				]
			},
			{
				"name": "bone166",
				"parent": "bone165",
				"pivot": [0.05, 14.6, -2.7],
				"rotation": [0, 0, -50],
				"cubes": [
					{"origin": [0.05, 14.1, -2.7], "size": [0.2, 0.5, 0.2], "uv": [60, 23]}
				]
			},
			{
				"name": "bone167",
				"parent": "bone166",
				"pivot": [0.05, 14.1, -2.7],
				"rotation": [0, 0, -55],
				"cubes": [
					{"origin": [0.05, 13.1, -2.7], "size": [0.2, 1, 0.2], "uv": [60, 23]}
				]
			},
			{
				"name": "bone168",
				"parent": "bone159",
				"pivot": [0.15, 16.15, -2.55],
				"rotation": [0, 0, -25],
				"cubes": [
					{"origin": [0.05, 15.8, -2.65], "size": [0.2, 0.6, 0.2], "uv": [60, 23]}
				]
			},
			{
				"name": "bone169",
				"parent": "bone168",
				"pivot": [0.25, 15.8, -2.65],
				"rotation": [0, 0, 10],
				"cubes": [
					{"origin": [0.05, 15.2, -2.65], "size": [0.2, 0.6, 0.2], "uv": [60, 23]}
				]
			},
			{
				"name": "bone170",
				"parent": "bone169",
				"pivot": [0.25, 15.2, -2.65],
				"rotation": [0, 0, 10],
				"cubes": [
					{"origin": [0.05, 14.7, -2.65], "size": [0.2, 0.5, 0.2], "uv": [60, 23]}
				]
			},
			{
				"name": "bone171",
				"parent": "bone159",
				"pivot": [-0.15, 16.2, -2.6],
				"rotation": [0, 0, 34],
				"cubes": [
					{"origin": [-0.25, 15.7, -2.7], "size": [0.2, 0.75, 0.2], "uv": [60, 23]}
				]
			},
			{
				"name": "bone172",
				"parent": "bone171",
				"pivot": [-0.05, 15.7, -2.6],
				"rotation": [0, 0, 20],
				"cubes": [
					{"origin": [-0.25, 15.2, -2.7], "size": [0.2, 0.5, 0.2], "uv": [60, 23]}
				]
			},
			{
				"name": "bone173",
				"parent": "bone172",
				"pivot": [-0.05, 15.2, -2.6],
				"rotation": [0, 0, 45],
				"cubes": [
					{"origin": [-0.25, 14.85, -2.7], "size": [0.2, 0.35, 0.2], "uv": [60, 23]}
				]
			},
			{
				"name": "bone174",
				"parent": "bone173",
				"pivot": [-0.05, 14.85, -2.7],
				"rotation": [0, 0, 50],
				"cubes": [
					{"origin": [-0.25, 14.6, -2.7], "size": [0.2, 0.25, 0.2], "uv": [60, 23]}
				]
			},
			{
				"name": "bone175",
				"parent": "bone174",
				"pivot": [-0.05, 14.6, -2.7],
				"rotation": [0, 0, 50],
				"cubes": [
					{"origin": [-0.25, 14.1, -2.7], "size": [0.2, 0.5, 0.2], "uv": [60, 23]}
				]
			},
			{
				"name": "bone176",
				"parent": "bone175",
				"pivot": [-0.05, 14.1, -2.7],
				"rotation": [0, 0, 55],
				"cubes": [
					{"origin": [-0.25, 13.1, -2.7], "size": [0.2, 1, 0.2], "uv": [60, 23]}
				]
			},
			{
				"name": "bone177",
				"parent": "bone159",
				"pivot": [-0.15, 16.15, -2.55],
				"rotation": [0, 0, 25],
				"cubes": [
					{"origin": [-0.25, 15.8, -2.65], "size": [0.2, 0.6, 0.2], "uv": [60, 23]}
				]
			},
			{
				"name": "bone178",
				"parent": "bone177",
				"pivot": [-0.25, 15.8, -2.65],
				"rotation": [0, 0, -10],
				"cubes": [
					{"origin": [-0.25, 15.2, -2.65], "size": [0.2, 0.6, 0.2], "uv": [60, 23]}
				]
			},
			{
				"name": "bone179",
				"parent": "bone178",
				"pivot": [-0.25, 15.2, -2.65],
				"rotation": [0, 0, -10],
				"cubes": [
					{"origin": [-0.25, 14.7, -2.65], "size": [0.2, 0.5, 0.2], "uv": [60, 23]}
				]
			},
			{
				"name": "chest",
				"parent": "body",
				"pivot": [0, 12.3, -2],
				"rotation": [-20, 0, 0],
				"cubes": [
					{"origin": [-2.6, 15.11908, -4.02606], "size": [5.2, 1, 1], "uv": [60, 34]}
				]
			},
			{
				"name": "bone113",
				"parent": "chest",
				"pivot": [-0.5, -3.2, 0.5],
				"rotation": [-20, 0, 0],
				"cubes": [
					{"origin": [-2.6, 13.40599, -10.36063], "size": [5.2, 1, 1], "uv": [8, 35]}
				]
			},
			{
				"name": "bone114",
				"parent": "chest",
				"pivot": [0, 14.17939, -3.73404],
				"rotation": [-20, 0, 0],
				"cubes": [
					{"origin": [-2.6, 14.94543, -4.32683], "size": [5.2, 1, 1.45], "uv": [16, 26]}
				]
			},
			{
				"name": "legRight",
				"pivot": [-2.35, 10.25, 0],
				"cubes": [
					{"origin": [-3.5027, 5.53038, -1.5], "size": [3, 4.5, 3], "uv": [47, 26]}
				]
			},
			{
				"name": "bone180",
				"parent": "legRight",
				"pivot": [-2.35, 10.25, 0],
				"cubes": [
					{"origin": [-2.1, 0.75, -2], "size": [1, 1.25, 1], "uv": [76, 6], "inflate": -0.3},
					{"origin": [-3.7527, 0.03038, -1.75], "size": [3.5, 1, 3.5], "uv": [58, 39]},
					{"origin": [-3.4973, 1.03038, -1.5], "size": [3, 4.5, 3], "uv": [24, 47]}
				]
			},
			{
				"name": "bone204",
				"parent": "bone180",
				"pivot": [-1.3, 1.6, -1.35],
				"rotation": [0, 0, -30],
				"cubes": [
					{"origin": [-1.55, 1.35, -1.6], "size": [0.75, 0.5, 0.5], "uv": [78, 7]}
				]
			},
			{
				"name": "bone205",
				"parent": "bone204",
				"pivot": [-0.8, 1.85, -1.35],
				"rotation": [0, 0, 40],
				"cubes": [
					{"origin": [-0.8, 1.35, -1.6], "size": [0.6, 0.5, 0.5], "uv": [78, 7]}
				]
			},
			{
				"name": "bone206",
				"parent": "bone205",
				"pivot": [-0.2, 1.85, -1.1],
				"rotation": [-15, 0, -5],
				"cubes": [
					{"origin": [-0.7, 1.35, -1.1], "size": [0.5, 0.5, 1.25], "uv": [77, 6]}
				]
			},
			{
				"name": "bone222",
				"parent": "bone206",
				"pivot": [-0.2, 1.85, 0.15],
				"rotation": [-25, 0, 0],
				"cubes": [
					{"origin": [-0.7, 1.35, 0.15], "size": [0.5, 0.5, 1], "uv": [77, 6]}
				]
			},
			{
				"name": "bone223",
				"parent": "bone180",
				"pivot": [-2.05, 1.7, -1.35],
				"rotation": [0, 0, 25],
				"cubes": [
					{"origin": [-2.55, 1.45, -1.6], "size": [1, 0.5, 0.5], "uv": [76, 7]}
				]
			},
			{
				"name": "bone224",
				"parent": "bone223",
				"pivot": [-2.55, 1.95, -1.6],
				"rotation": [0, 0, -25],
				"cubes": [
					{"origin": [-3.2, 1.45, -1.6], "size": [0.65, 0.5, 0.5], "uv": [77, 6]}
				]
			},
			{
				"name": "bone225",
				"parent": "bone224",
				"pivot": [-3.2, 1.95, -1.6],
				"rotation": [0, 0, -5],
				"cubes": [
					{"origin": [-3.7, 1.45, -1.6], "size": [0.5, 0.5, 0.5], "uv": [77, 7]}
				]
			},
			{
				"name": "bone226",
				"parent": "bone225",
				"pivot": [-3.7, 1.95, -1.1],
				"rotation": [-20, 0, 5],
				"cubes": [
					{"origin": [-3.7, 1.45, -1.1], "size": [0.5, 0.5, 1.25], "uv": [76, 6]}
				]
			},
			{
				"name": "bone227",
				"parent": "bone226",
				"pivot": [-3.7, 1.95, 0.15],
				"rotation": [-30, 0, 0],
				"cubes": [
					{"origin": [-3.7, 1.45, 0.15], "size": [0.5, 0.5, 1], "uv": [77, 6]}
				]
			},
			{
				"name": "legLeft",
				"pivot": [2.35, 10.25, 0],
				"cubes": [
					{"origin": [0.5027, 5.53038, -1.5], "size": [3, 4.5, 3], "uv": [12, 45]}
				]
			},
			{
				"name": "bone181",
				"parent": "legLeft",
				"pivot": [2.35, 10.25, 0],
				"cubes": [
					{"origin": [1.1, 0.75, -2], "size": [1, 1.25, 1], "uv": [76, 6], "inflate": -0.3},
					{"origin": [0.2527, 0.03038, -1.75], "size": [3.5, 1, 3.5], "uv": [56, 58]},
					{"origin": [0.4973, 1.03038, -1.5], "size": [3, 4.5, 3], "uv": [0, 45]}
				]
			},
			{
				"name": "bone182",
				"parent": "bone181",
				"pivot": [1.3, 1.6, -1.35],
				"rotation": [0, 0, 30],
				"cubes": [
					{"origin": [0.8, 1.35, -1.6], "size": [0.75, 0.5, 0.5], "uv": [77, 7]}
				]
			},
			{
				"name": "bone183",
				"parent": "bone182",
				"pivot": [0.8, 1.85, -1.35],
				"rotation": [0, 0, -40],
				"cubes": [
					{"origin": [0.2, 1.35, -1.6], "size": [0.6, 0.5, 0.5], "uv": [77, 7]}
				]
			},
			{
				"name": "bone184",
				"parent": "bone183",
				"pivot": [0.2, 1.85, -1.1],
				"rotation": [-15, 0, 5],
				"cubes": [
					{"origin": [0.2, 1.35, -1.1], "size": [0.5, 0.5, 1.25], "uv": [76, 6]}
				]
			},
			{
				"name": "bone185",
				"parent": "bone184",
				"pivot": [0.2, 1.85, 0.15],
				"rotation": [-25, 0, 0],
				"cubes": [
					{"origin": [0.2, 1.35, 0.15], "size": [0.5, 0.5, 1], "uv": [76, 6]}
				]
			},
			{
				"name": "bone186",
				"parent": "bone181",
				"pivot": [2.05, 1.7, -1.35],
				"rotation": [0, 0, -25],
				"cubes": [
					{"origin": [1.55, 1.45, -1.6], "size": [1, 0.5, 0.5], "uv": [77, 7]}
				]
			},
			{
				"name": "bone187",
				"parent": "bone186",
				"pivot": [2.55, 1.95, -1.6],
				"rotation": [0, 0, 25],
				"cubes": [
					{"origin": [2.55, 1.45, -1.6], "size": [0.65, 0.5, 0.5], "uv": [77, 7]}
				]
			},
			{
				"name": "bone188",
				"parent": "bone187",
				"pivot": [3.2, 1.95, -1.6],
				"rotation": [0, 0, 5],
				"cubes": [
					{"origin": [3.2, 1.45, -1.6], "size": [0.5, 0.5, 0.5], "uv": [77, 7]}
				]
			},
			{
				"name": "bone189",
				"parent": "bone188",
				"pivot": [3.7, 1.95, -1.1],
				"rotation": [-20, 0, -5],
				"cubes": [
					{"origin": [3.2, 1.45, -1.1], "size": [0.5, 0.5, 1.25], "uv": [77, 6]}
				]
			},
			{
				"name": "bone190",
				"parent": "bone189",
				"pivot": [3.7, 1.95, 0.15],
				"rotation": [-30, 0, 0],
				"cubes": [
					{"origin": [3.2, 1.45, 0.15], "size": [0.5, 0.5, 1], "uv": [77, 6]}
				]
			},
			{
				"name": "armRight",
				"pivot": [-2, 17.5, 0],
				"rotation": [0, 0, 25],
				"cubes": [
					{"origin": [-3.09369, 8.92262, -1], "size": [2, 8, 2], "uv": [44, 50]},
					{"origin": [-3.34369, 13.92262, -1.251], "size": [2.5, 4, 2.502], "uv": [64, 6]}
				]
			},
			{
				"name": "bone191",
				"parent": "armRight",
				"pivot": [-0.84369, 13.92262, 1.25],
				"rotation": [0, 0, 15],
				"cubes": [
					{"origin": [-3.34369, 9.92262, -1.25], "size": [2.5, 4, 2.5], "uv": [64, 0]}
				]
			},
			{
				"name": "bone192",
				"parent": "bone191",
				"pivot": [-0.84369, 9.92262, -1.25],
				"rotation": [0, 0, -30],
				"cubes": [
					{"origin": [-0.84369, 9.92262, -1.25], "size": [2.5, 5.5, 2.5], "uv": [22, 59]}
				]
			},
			{
				"name": "armLeft",
				"pivot": [2, 17.5, 0],
				"rotation": [0, 0, -25],
				"cubes": [
					{"origin": [1.09369, 8.92262, -1], "size": [2, 8, 2], "uv": [36, 47]},
					{"origin": [0.84369, 13.92262, -1.251], "size": [2.5, 4, 2.502], "uv": [47, 63]}
				]
			},
			{
				"name": "bone193",
				"parent": "armLeft",
				"pivot": [0.84369, 13.92262, 1.25],
				"rotation": [0, 0, -15],
				"cubes": [
					{"origin": [0.84369, 9.92262, -1.25], "size": [2.5, 4, 2.5], "uv": [58, 62]}
				]
			},
			{
				"name": "bone194",
				"parent": "bone193",
				"pivot": [0.84369, 9.92262, -1.25],
				"rotation": [0, 0, 30],
				"cubes": [
					{"origin": [-1.65631, 9.92262, -1.25], "size": [2.5, 5.5, 2.5], "uv": [0, 59]}
				]
			}
		]
	}
}