{
	"format_version": "1.10.0",
	"geometry.model": {
		"texturewidth": 125,
		"textureheight": 150,
		"visible_bounds_width": 7,
		"visible_bounds_height": 4.5,
		"visible_bounds_offset": [0, 0.75, 0],
		"bones": [
			{
				"name": "head",
				"pivot": [0, 18, 0]
			},
			{
				"name": "blink",
				"parent": "head",
				"pivot": [0, 18, 0],
				"cubes": [
					{"origin": [-3.5, 19, -3.501], "size": [7, 7, 0], "uv": [21, 0]}
				]
			},
			{
				"name": "head2",
				"parent": "head",
				"pivot": [0, 18, 0],
				"cubes": [
					{"origin": [-3.5, 19, -3.5], "size": [7, 7, 7], "uv": [0, 0]},
					{"origin": [-4, 19.5, -3], "size": [8, 6, 6], "uv": [0, 14]},
					{"origin": [-3, 19.5, -3], "size": [6, 6, 7], "uv": [21, 21]},
					{"origin": [-3, 19.5, -3], "size": [6, 7, 6], "uv": [0, 28]}
				]
			},
			{
				"name": "hair",
				"parent": "head",
				"pivot": [0, 18, 0]
			},
			{
				"name": "hair1",
				"parent": "hair",
				"pivot": [0, 17.8, 0.1]
			},
			{
				"name": "bone",
				"parent": "hair1",
				"pivot": [-0.5, 24.3, -3.15],
				"rotation": [-10, 0, 6],
				"cubes": [
					{"origin": [-1.10453, 23.77941, -3.8227], "size": [1, 2, 1], "uv": [0, 0]}
				]
			},
			{
				"name": "bone2",
				"parent": "bone",
				"pivot": [0, 22.8, -3.65],
				"rotation": [10, 0, 5],
				"cubes": [
					{"origin": [-1.18949, 22.08188, -3.65223], "size": [1, 1.7, 1], "uv": [0, 0]}
				]
			},
			{
				"name": "bone3",
				"parent": "hair1",
				"pivot": [-1.4, 24.3, -3.15],
				"rotation": [-10, 0, 10],
				"cubes": [
					{"origin": [-2.07365, 23.76985, -3.82101], "size": [1, 2, 1], "uv": [0, 0]}
				]
			},
			{
				"name": "bone4",
				"parent": "bone3",
				"pivot": [-0.9, 22.8, -3.65],
				"rotation": [10, 0, 5],
				"cubes": [
					{"origin": [-2.15752, 22.26627, -3.65327], "size": [1, 1.5, 1], "uv": [0, 0]}
				]
			},
			{
				"name": "bone5",
				"parent": "hair1",
				"pivot": [-2.2, 23.8, -3.2],
				"rotation": [-10, 0, 15],
				"cubes": [
					{"origin": [-2.95882, 23.75125, -3.86773], "size": [1, 2, 1], "uv": [0, 0]}
				]
			},
			{
				"name": "bone6",
				"parent": "bone5",
				"pivot": [-1.7, 22.8, -3.7],
				"rotation": [10, 0, 10],
				"cubes": [
					{"origin": [-3.10488, 21.87844, -3.68016], "size": [1, 2, 1], "uv": [0, 0]}
				]
			},
			{
				"name": "bone11",
				"parent": "bone6",
				"pivot": [-2.68481, 20.97101, -3.66985],
				"rotation": [1, 0, -20],
				"cubes": [
					{"origin": [-2.76919, 19.96742, -3.66277], "size": [1, 2, 1], "uv": [0, 0]}
				]
			},
			{
				"name": "bone12",
				"parent": "bone11",
				"pivot": [-2.68481, 18.97101, -3.66985],
				"rotation": [0, 0, -8],
				"cubes": [
					{"origin": [-2.62969, 15.96946, -3.66277], "size": [1, 4, 1], "uv": [0, 0]}
				]
			},
			{
				"name": "bone7",
				"parent": "hair1",
				"pivot": [-2.9, 23.8, -3.25],
				"rotation": [-10, 5, 20],
				"cubes": [
					{"origin": [-3.74072, 23.72024, -3.94253], "size": [1, 2, 1], "uv": [0, 0]}
				]
			},
			{
				"name": "bone8",
				"parent": "bone7",
				"pivot": [-3.4, 22.8, -3.75],
				"rotation": [5, 0, -10],
				"cubes": [
					{"origin": [-3.57574, 21.77853, -3.85766], "size": [1, 2, 1], "uv": [0, 0]}
				]
			},
			{
				"name": "bone9",
				"parent": "bone8",
				"pivot": [-3.4, 20.8, -3.75],
				"rotation": [5, 0, -5],
				"cubes": [
					{"origin": [-3.48979, 19.79574, -3.77095], "size": [1, 2, 1], "uv": [0, 5]}
				]
			},
			{
				"name": "bone10",
				"parent": "bone9",
				"pivot": [-3.4, 18.8, -3.75],
				"rotation": [5, 0, -5],
				"cubes": [
					{"origin": [-3.40266, 17.7978, -3.68374], "size": [1, 2, 1], "uv": [0, 5]}
				]
			},
			{
				"name": "bone13",
				"parent": "bone10",
				"pivot": [-3.4, 16.8, -3.75],
				"rotation": [4, 0, -20],
				"cubes": [
					{"origin": [-3.06124, 15.73163, -3.61843], "size": [1, 2, 1], "uv": [0, 0]}
				]
			},
			{
				"name": "bone27",
				"parent": "hair1",
				"pivot": [-0.5, 24.3, -3.1],
				"rotation": [-9, 0, 2],
				"cubes": [
					{"origin": [-1.0349, 23.78709, -3.75634], "size": [1, 2, 1], "uv": [0, 0]}
				]
			},
			{
				"name": "bone28",
				"parent": "bone27",
				"pivot": [0, 22.8, -3.6],
				"rotation": [10, 0, 3],
				"cubes": [
					{"origin": [-1.08651, 22.09611, -3.58311], "size": [1, 1.7, 1], "uv": [0, 0]}
				]
			},
			{
				"name": "hair2",
				"parent": "hair",
				"pivot": [0, 17.8, 0.1]
			},
			{
				"name": "bone14",
				"parent": "hair2",
				"pivot": [0.5, 24.3, -3.15],
				"rotation": [-10, 0, 1],
				"cubes": [
					{"origin": [-0.01745, 23.78466, -3.82362], "size": [1.1, 2, 1], "uv": [0, 0]}
				]
			},
			{
				"name": "bone15",
				"parent": "bone14",
				"pivot": [0, 22.8, -3.65],
				"rotation": [10, 0, -10],
				"cubes": [
					{"origin": [0.1538, 21.9881, -3.65207], "size": [1.1, 1.8, 1], "uv": [0, 0]}
				]
			},
			{
				"name": "bone16",
				"parent": "hair2",
				"pivot": [1.4, 24.3, -3.15],
				"rotation": [-10, 0, -10],
				"cubes": [
					{"origin": [1.07365, 23.76985, -3.82101], "size": [1, 2, 1], "uv": [0, 0]}
				]
			},
			{
				"name": "bone17",
				"parent": "bone16",
				"pivot": [0.9, 22.8, -3.65],
				"rotation": [10, 0, -5],
				"cubes": [
					{"origin": [1.15752, 22.26627, -3.65327], "size": [1, 1.5, 1], "uv": [0, 0]}
				]
			},
			{
				"name": "bone18",
				"parent": "hair2",
				"pivot": [2.2, 23.8, -3.2],
				"rotation": [-10, 0, -15],
				"cubes": [
					{"origin": [1.95882, 23.75125, -3.86773], "size": [1, 2, 1], "uv": [0, 0]}
				]
			},
			{
				"name": "bone19",
				"parent": "bone18",
				"pivot": [1.7, 22.8, -3.7],
				"rotation": [10, 0, -10],
				"cubes": [
					{"origin": [2.10488, 21.87844, -3.68016], "size": [1, 2, 1], "uv": [0, 0]}
				]
			},
			{
				"name": "bone20",
				"parent": "bone19",
				"pivot": [2.68481, 20.97101, -3.66985],
				"rotation": [1, 0, 20],
				"cubes": [
					{"origin": [1.76919, 19.96742, -3.66277], "size": [1, 2, 1], "uv": [0, 0]}
				]
			},
			{
				"name": "bone21",
				"parent": "bone20",
				"pivot": [2.68481, 18.97101, -3.66985],
				"rotation": [0, 0, 8],
				"cubes": [
					{"origin": [1.62969, 15.96946, -3.66277], "size": [1, 4, 1], "uv": [0, 0]}
				]
			},
			{
				"name": "bone22",
				"parent": "hair2",
				"pivot": [2.9, 23.8, -3.25],
				"rotation": [-10, -5, -20],
				"cubes": [
					{"origin": [2.74072, 23.72024, -3.94253], "size": [1, 2, 1], "uv": [0, 0]}
				]
			},
			{
				"name": "bone23",
				"parent": "bone22",
				"pivot": [3.4, 22.8, -3.75],
				"rotation": [5, 0, 10],
				"cubes": [
					{"origin": [2.57574, 21.77853, -3.85766], "size": [1, 2, 1], "uv": [0, 0]}
				]
			},
			{
				"name": "bone24",
				"parent": "bone23",
				"pivot": [3.4, 20.8, -3.75],
				"rotation": [5, 0, 5],
				"cubes": [
					{"origin": [2.48979, 19.79574, -3.77095], "size": [1, 2, 1], "uv": [0, 5]}
				]
			},
			{
				"name": "bone25",
				"parent": "bone24",
				"pivot": [3.4, 18.8, -3.75],
				"rotation": [5, 0, 5],
				"cubes": [
					{"origin": [2.40266, 17.7978, -3.68374], "size": [1, 2, 1], "uv": [0, 5]}
				]
			},
			{
				"name": "bone26",
				"parent": "bone25",
				"pivot": [3.4, 16.8, -3.75],
				"rotation": [4, 0, 20],
				"cubes": [
					{"origin": [2.06124, 15.73163, -3.61843], "size": [1, 2, 1], "uv": [0, 0]}
				]
			},
			{
				"name": "hair3",
				"parent": "hair",
				"pivot": [0, 16, 0]
			},
			{
				"name": "hair7",
				"parent": "hair3",
				"pivot": [-2, 17, 4],
				"rotation": [10, 0, 10],
				"cubes": [
					{"origin": [-3.6946, 17.87939, 3.68404], "size": [1, 3, 1], "uv": [0, 0]}
				]
			},
			{
				"name": "bone51",
				"parent": "hair7",
				"pivot": [-2, 14, 3],
				"rotation": [5, 0, 0],
				"cubes": [
					{"origin": [-3.6946, 14.805, 4.01955], "size": [1, 3, 1], "uv": [0, 0]}
				]
			},
			{
				"name": "bone52",
				"parent": "bone51",
				"pivot": [-2, 11, 3],
				"rotation": [5, 0, 0],
				"cubes": [
					{"origin": [-3.6946, 11.70167, 4.34729], "size": [1, 3, 1], "uv": [0, 0]}
				]
			},
			{
				"name": "hair8",
				"parent": "hair3",
				"pivot": [-1, 17, 4],
				"rotation": [5, 0, 5]
			},
			{
				"name": "bone53",
				"parent": "hair8",
				"pivot": [-1, 17, 4],
				"rotation": [12, 0, 0],
				"cubes": [
					{"origin": [-2.34863, 17.81067, 4.16504], "size": [1, 3, 1], "uv": [0, 0]}
				]
			},
			{
				"name": "bone54",
				"parent": "bone53",
				"pivot": [-1, 14, 3],
				"rotation": [5, 0, 0],
				"cubes": [
					{"origin": [-2.34863, 14.69463, 4.49272], "size": [1, 3, 1], "uv": [0, 0]}
				]
			},
			{
				"name": "bone55",
				"parent": "bone54",
				"pivot": [-1, 11, 3],
				"rotation": [5, 0, 0],
				"cubes": [
					{"origin": [-2.34863, 11.55047, 4.80905], "size": [1, 3, 1], "uv": [0, 0]}
				]
			},
			{
				"name": "hair10",
				"parent": "hair3",
				"pivot": [0, 17, 4],
				"rotation": [20, 0, 0],
				"cubes": [
					{"origin": [0, 17.75877, 4.36808], "size": [1, 3, 1], "uv": [0, 0]}
				]
			},
			{
				"name": "bone59",
				"parent": "hair10",
				"pivot": [0, 14, 3],
				"rotation": [5, 0, 0],
				"cubes": [
					{"origin": [0, 14.62524, 4.69048], "size": [1, 3, 1], "uv": [0, 0]}
				]
			},
			{
				"name": "bone60",
				"parent": "bone59",
				"pivot": [0, 11, 3],
				"rotation": [5, 0, 0],
				"cubes": [
					{"origin": [0, 11.46411, 5], "size": [1, 3, 1], "uv": [0, 0]}
				]
			},
			{
				"name": "hair11",
				"parent": "hair3",
				"pivot": [3.05, 17, 3.05],
				"rotation": [0, 90, 0]
			},
			{
				"name": "bone102",
				"parent": "hair11",
				"pivot": [3.05, 17, 3.05],
				"rotation": [15, 0, 15],
				"cubes": [
					{"origin": [1.51472, 17.73205, 3.55], "size": [1, 3, 1], "uv": [0, 0]}
				]
			},
			{
				"name": "bone103",
				"parent": "hair11",
				"pivot": [3.05, 17, 3.05],
				"rotation": [20, 0, 20],
				"cubes": [
					{"origin": [1.44429, 14.64135, 3.58558], "size": [1, 3, 1], "uv": [0, 0]}
				]
			},
			{
				"name": "bone104",
				"parent": "hair11",
				"pivot": [3.05, 17, 3.05],
				"rotation": [15, 0, 15],
				"cubes": [
					{"origin": [1.303, 11.92557, 3.82319], "size": [1, 3, 1], "uv": [0, 0]}
				]
			},
			{
				"name": "hair12",
				"parent": "hair3",
				"pivot": [-3.05, 17, 3.05],
				"rotation": [0, -90, 0]
			},
			{
				"name": "bone61",
				"parent": "hair12",
				"pivot": [-3.05, 17, 3.05],
				"rotation": [15, 0, -15],
				"cubes": [
					{"origin": [-2.51472, 17.73205, 3.55], "size": [1, 3, 1], "uv": [0, 0]}
				]
			},
			{
				"name": "bone62",
				"parent": "hair12",
				"pivot": [-3.05, 17, 3.05],
				"rotation": [20, 0, -20],
				"cubes": [
					{"origin": [-2.44429, 14.64135, 3.58558], "size": [1, 3, 1], "uv": [0, 0]}
				]
			},
			{
				"name": "bone63",
				"parent": "hair12",
				"pivot": [-3.05, 17, 3.05],
				"rotation": [15, 0, -15],
				"cubes": [
					{"origin": [-2.303, 11.92557, 3.82319], "size": [1, 3, 1], "uv": [0, 0]}
				]
			},
			{
				"name": "hair13",
				"parent": "hair3",
				"pivot": [3, -2, 5],
				"rotation": [0, 180, -5]
			},
			{
				"name": "bone64",
				"parent": "hair13",
				"pivot": [-1, 16, 1],
				"rotation": [0, 0, 5],
				"cubes": [
					{"origin": [-0.42531, 17.89504, 6.999], "size": [1, 3, 1], "uv": [0, 0]}
				]
			},
			{
				"name": "bone65",
				"parent": "hair13",
				"pivot": [-1, 16, 1],
				"rotation": [0, 0, 10],
				"cubes": [
					{"origin": [-0.59647, 15.02507, 6.999], "size": [1, 3, 1], "uv": [0, 0]}
				]
			},
			{
				"name": "bone66",
				"parent": "hair13",
				"pivot": [-1, 16, 1],
				"rotation": [0, 0, 15],
				"cubes": [
					{"origin": [-0.51683, 12.1511, 6.999], "size": [1, 3, 1], "uv": [0, 0]}
				]
			},
			{
				"name": "hair14",
				"parent": "hair3",
				"pivot": [-3, -2, 5],
				"rotation": [0, -180, 5]
			},
			{
				"name": "bone67",
				"parent": "hair14",
				"pivot": [1, 16, 1],
				"rotation": [0, 0, -5],
				"cubes": [
					{"origin": [-0.57469, 17.89504, 6.999], "size": [1, 3, 1], "uv": [0, 0]}
				]
			},
			{
				"name": "bone68",
				"parent": "hair14",
				"pivot": [1, 16, 1],
				"rotation": [0, 0, -10],
				"cubes": [
					{"origin": [-0.40353, 15.02507, 6.999], "size": [1, 3, 1], "uv": [0, 0]}
				]
			},
			{
				"name": "bone69",
				"parent": "hair14",
				"pivot": [1, 16, 1],
				"rotation": [0, 0, -15],
				"cubes": [
					{"origin": [-0.48317, 12.1511, 6.999], "size": [1, 3, 1], "uv": [0, 0]}
				]
			},
			{
				"name": "hair4",
				"parent": "hair3",
				"pivot": [2, 17, 4],
				"rotation": [10, 0, -10],
				"cubes": [
					{"origin": [2.6946, 17.87939, 3.68404], "size": [1, 3, 1], "uv": [0, 0]}
				]
			},
			{
				"name": "bone43",
				"parent": "hair4",
				"pivot": [2, 14, 3],
				"rotation": [5, 0, 0],
				"cubes": [
					{"origin": [2.6946, 14.805, 4.01955], "size": [1, 3, 1], "uv": [0, 0]}
				]
			},
			{
				"name": "bone44",
				"parent": "bone43",
				"pivot": [2, 11, 3],
				"rotation": [5, 0, 0],
				"cubes": [
					{"origin": [2.6946, 11.70167, 4.34729], "size": [1, 3, 1], "uv": [0, 0]}
				]
			},
			{
				"name": "hair5",
				"parent": "hair3",
				"pivot": [1, 17, 4],
				"rotation": [5, 0, -5]
			},
			{
				"name": "bone45",
				"parent": "hair5",
				"pivot": [1, 17, 4],
				"rotation": [12, 0, 0],
				"cubes": [
					{"origin": [1.34863, 17.81067, 4.16504], "size": [1, 3, 1], "uv": [0, 0]}
				]
			},
			{
				"name": "bone46",
				"parent": "bone45",
				"pivot": [1, 14, 3],
				"rotation": [5, 0, 0],
				"cubes": [
					{"origin": [1.34863, 14.69463, 4.49272], "size": [1, 3, 1], "uv": [0, 0]}
				]
			},
			{
				"name": "bone47",
				"parent": "bone46",
				"pivot": [1, 11, 3],
				"rotation": [5, 0, 0],
				"cubes": [
					{"origin": [1.34863, 11.55047, 4.80905], "size": [1, 3, 1], "uv": [0, 0]}
				]
			},
			{
				"name": "hair6",
				"parent": "hair3",
				"pivot": [0, 20, 4],
				"rotation": [20, 0, 3],
				"cubes": [
					{"origin": [-1.05234, 17.9384, 3.34155], "size": [1, 3, 1], "uv": [0, 0]}
				]
			},
			{
				"name": "bone48",
				"parent": "hair6",
				"pivot": [0, 14.18092, 1.97394],
				"rotation": [5, 0, 0],
				"cubes": [
					{"origin": [-1.05234, 14.80492, 3.66384], "size": [1, 3, 1], "uv": [0, 0]}
				]
			},
			{
				"name": "bone49",
				"parent": "bone48",
				"pivot": [0, 11.18092, 1.97394],
				"rotation": [5, 0, 0],
				"cubes": [
					{"origin": [-1.05234, 11.64384, 3.97325], "size": [1, 3, 1], "uv": [0, 0]}
				]
			},
			{
				"name": "ear",
				"parent": "head",
				"pivot": [0, 17, 0]
			},
			{
				"name": "bone29",
				"parent": "ear",
				"pivot": [4.55, 16.95, 0.6],
				"rotation": [10, -15, -10],
				"cubes": [
					{"origin": [3.71773, 25.42765, 0.72675], "size": [1, 3, 1], "uv": [0, 6]},
					{"origin": [2.51773, 25.42765, 0.82675], "size": [1.3, 1.9, 0.9], "uv": [0, 6]},
					{"origin": [2.81773, 27.32765, 0.82675], "size": [1.1, 1.5, 0.9], "uv": [0, 6]}
				]
			},
			{
				"name": "bone30",
				"parent": "bone29",
				"pivot": [4.55, 27.45, 0.6],
				"rotation": [0, 0, -15],
				"cubes": [
					{"origin": [3.96505, 28.35093, 0.72675], "size": [1, 2, 1], "uv": [0, 6]}
				]
			},
			{
				"name": "bone31",
				"parent": "bone30",
				"pivot": [3.55, 29.45, 0.6],
				"rotation": [0, 0, 35],
				"cubes": [
					{"origin": [3.37324, 25.17606, 0.72675], "size": [1, 5.25, 1], "uv": [0, 6]}
				]
			},
			{
				"name": "bone32",
				"parent": "bone29",
				"pivot": [3.4125, 29.2, 1.6],
				"rotation": [-10, 0, 0],
				"cubes": [
					{"origin": [3.71773, 25.43481, 0.55506], "size": [1, 3, 1], "uv": [0, 6]},
					{"origin": [2.51773, 25.43481, 0.65506], "size": [1.3, 1.9, 0.9], "uv": [4, 14]},
					{"origin": [2.81773, 27.33481, 0.65506], "size": [1.1, 1.5, 0.9], "uv": [4, 14]}
				]
			},
			{
				"name": "bone33",
				"parent": "bone32",
				"pivot": [4.55, 27.45, 0.6],
				"rotation": [0, 0, -15],
				"cubes": [
					{"origin": [3.9669, 28.35784, 0.55506], "size": [1, 2, 1], "uv": [0, 6]}
				]
			},
			{
				"name": "bone34",
				"parent": "bone33",
				"pivot": [3.55, 29.45, 0.6],
				"rotation": [0, 0, 35],
				"cubes": [
					{"origin": [3.37079, 25.18278, 0.55506], "size": [1, 5.25, 1], "uv": [0, 6]}
				]
			},
			{
				"name": "bone41",
				"parent": "bone33",
				"pivot": [4.55, 29.45, 0.6],
				"rotation": [0, 0, -45],
				"cubes": [
					{"origin": [4.77973, 29.79714, 0.55506], "size": [0.707, 0.707, 1], "uv": [0, 6]}
				]
			},
			{
				"name": "bone35",
				"parent": "ear",
				"pivot": [-4.55, 16.95, 0.6],
				"rotation": [10, 15, 10],
				"cubes": [
					{"origin": [-4.71773, 25.42765, 0.72675], "size": [1, 3, 1], "uv": [0, 6], "mirror": true},
					{"origin": [-3.81773, 25.42765, 0.82675], "size": [1.3, 1.9, 0.9], "uv": [0, 6], "mirror": true},
					{"origin": [-3.91773, 27.32765, 0.82675], "size": [1.1, 1.5, 0.9], "uv": [0, 6], "mirror": true}
				]
			},
			{
				"name": "bone36",
				"parent": "bone35",
				"pivot": [-4.55, 27.45, 0.6],
				"rotation": [0, 0, 15],
				"cubes": [
					{"origin": [-4.96505, 28.35093, 0.72675], "size": [1, 2, 1], "uv": [0, 6], "mirror": true}
				]
			},
			{
				"name": "bone37",
				"parent": "bone36",
				"pivot": [-3.55, 29.45, 0.6],
				"rotation": [0, 0, -35],
				"cubes": [
					{"origin": [-4.37324, 25.17606, 0.72675], "size": [1, 5.25, 1], "uv": [0, 6], "mirror": true}
				]
			},
			{
				"name": "bone38",
				"parent": "bone35",
				"pivot": [-3.4125, 29.2, 1.6],
				"rotation": [-10, 0, 0],
				"cubes": [
					{"origin": [-4.71773, 25.43481, 0.55506], "size": [1, 3, 1], "uv": [0, 6], "mirror": true},
					{"origin": [-3.81773, 25.43481, 0.65506], "size": [1.3, 1.9, 0.9], "uv": [4, 14], "mirror": true},
					{"origin": [-3.91773, 27.33481, 0.65506], "size": [1.1, 1.5, 0.9], "uv": [4, 14], "mirror": true}
				]
			},
			{
				"name": "bone39",
				"parent": "bone38",
				"pivot": [-4.55, 27.45, 0.6],
				"rotation": [0, 0, 15],
				"cubes": [
					{"origin": [-4.9669, 28.35784, 0.55506], "size": [1, 2, 1], "uv": [0, 6], "mirror": true}
				]
			},
			{
				"name": "bone40",
				"parent": "bone39",
				"pivot": [-3.55, 29.45, 0.6],
				"rotation": [0, 0, -35],
				"cubes": [
					{"origin": [-4.37079, 25.18278, 0.55506], "size": [1, 5.25, 1], "uv": [0, 6], "mirror": true}
				]
			},
			{
				"name": "bone42",
				"parent": "bone39",
				"pivot": [-4.55, 29.45, 0.6],
				"rotation": [0, 0, 45],
				"cubes": [
					{"origin": [-5.48673, 29.79714, 0.55506], "size": [0.707, 0.707, 1], "uv": [0, 6], "mirror": true}
				]
			},
			{
				"name": "toushi",
				"parent": "head",
				"pivot": [0, 18, 0]
			},
			{
				"name": "toushi2",
				"parent": "toushi",
				"pivot": [-0.65, 17.8, 0],
				"rotation": [5, 0, -5],
				"cubes": [
					{"origin": [4.43716, 22.8924, -0.66318], "size": [0.5, 1.65, 0.5], "uv": [23, 15]},
					{"origin": [4.53716, 24.1924, -0.56318], "size": [0.3, 1.15, 0.3], "uv": [23, 19]},
					{"origin": [4.53716, 21.8924, -0.56318], "size": [0.3, 1.45, 0.3], "uv": [23, 19], "inflate": -0.1},
					{"origin": [4.53716, 22.0424, -0.56318], "size": [0.3, 0.3, 0.3], "uv": [23, 19]},
					{"origin": [4.53716, 21.2924, -0.56318], "size": [0.3, 0.7, 0.3], "uv": [23, 16]},
					{"origin": [4.43716, 23.5424, -0.86318], "size": [0.55, 0.25, 0.9], "uv": [23, 15]}
				]
			},
			{
				"name": "bone84",
				"parent": "toushi2",
				"pivot": [5.35, 21.8, -1.4],
				"rotation": [-10, 0, 0],
				"cubes": [
					{"origin": [4.53716, 22.0924, -1.13682], "size": [0.3, 1.45, 0.3], "uv": [23, 19], "inflate": -0.1},
					{"origin": [4.53716, 22.2424, -1.13682], "size": [0.3, 0.3, 0.3], "uv": [23, 19]},
					{"origin": [4.53716, 21.4924, -1.13682], "size": [0.3, 0.7, 0.3], "uv": [23, 16]}
				]
			},
			{
				"name": "bone50",
				"parent": "toushi2",
				"pivot": [4.55, 23.05, -1],
				"rotation": [65, 0, 0],
				"cubes": [
					{"origin": [4.38716, 22.89072, -0.31388], "size": [0.5, 0.5, 0.5], "uv": [23, 19]}
				]
			},
			{
				"name": "bone56",
				"parent": "bone50",
				"pivot": [4.55, 23.05, -1.25],
				"rotation": [-25, 0, 0],
				"cubes": [
					{"origin": [4.38716, 23.75442, -0.54558], "size": [0.5, 0.5, 0.5], "uv": [23, 19]}
				]
			},
			{
				"name": "bone57",
				"parent": "bone56",
				"pivot": [4.55, 23.55, -1.25],
				"rotation": [-35, 0, 0],
				"cubes": [
					{"origin": [4.38716, 24.53106, -1.07701], "size": [0.5, 1.25, 0.5], "uv": [23, 19]}
				]
			},
			{
				"name": "bone58",
				"parent": "toushi2",
				"pivot": [4.5, 22.8, -0.65],
				"rotation": [-15, 0, 0],
				"cubes": [
					{"origin": [4.33716, 23.53106, -1.07299], "size": [0.5, 0.5, 0.5], "uv": [23, 15]}
				]
			},
			{
				"name": "bone70",
				"parent": "bone58",
				"pivot": [4.5, 22.55, -0.9],
				"rotation": [-20, 0, 0],
				"cubes": [
					{"origin": [4.33716, 23.41273, -1.8981], "size": [0.5, 0.5, 0.5], "uv": [23, 15]}
				]
			},
			{
				"name": "bone71",
				"parent": "bone70",
				"pivot": [4.5, 22.55, -1.4],
				"rotation": [-25, 0, 0],
				"cubes": [
					{"origin": [4.33716, 23.12139, -3.21603], "size": [0.5, 0.5, 1], "uv": [23, 15]}
				]
			},
			{
				"name": "bone72",
				"parent": "toushi2",
				"pivot": [4.45, 22.45, -0.65],
				"rotation": [10, 0, 0],
				"cubes": [
					{"origin": [4.28716, 23.16225, -0.64217], "size": [0.5, 0.5, 0.5], "uv": [23, 19]}
				]
			},
			{
				"name": "bone73",
				"parent": "bone72",
				"pivot": [4.45, 22.2, -0.9],
				"rotation": [-20, 0, 0],
				"cubes": [
					{"origin": [4.28716, 23.1924, -1.48682], "size": [0.5, 0.5, 0.5], "uv": [24, 19]}
				]
			},
			{
				"name": "bone74",
				"parent": "bone73",
				"pivot": [4.45, 22.2, -1.4],
				"rotation": [-25, 0, 0],
				"cubes": [
					{"origin": [4.28716, 23.06273, -2.8981], "size": [0.5, 0.5, 1], "uv": [23, 18]}
				]
			},
			{
				"name": "bone75",
				"parent": "toushi2",
				"pivot": [4.55, 23.05, 0],
				"rotation": [-65, 0, 0],
				"cubes": [
					{"origin": [4.38716, 23.0481, -1.11273], "size": [0.5, 0.5, 0.5], "uv": [23, 19]}
				]
			},
			{
				"name": "bone76",
				"parent": "bone75",
				"pivot": [4.55, 23.05, 0.25],
				"rotation": [25, 0, 0],
				"cubes": [
					{"origin": [4.38716, 23.86603, -0.82139], "size": [0.5, 0.5, 0.5], "uv": [23, 19]}
				]
			},
			{
				"name": "bone77",
				"parent": "bone76",
				"pivot": [4.55, 23.55, 0.25],
				"rotation": [35, 0, 0],
				"cubes": [
					{"origin": [4.38716, 24.54619, -0.25], "size": [0.5, 1.25, 0.5], "uv": [23, 19]}
				]
			},
			{
				"name": "bone78",
				"parent": "toushi2",
				"pivot": [4.5, 22.8, -0.35],
				"rotation": [15, 0, 0],
				"cubes": [
					{"origin": [4.33716, 23.48612, -0.25928], "size": [0.5, 0.5, 0.5], "uv": [23, 15]}
				]
			},
			{
				"name": "bone79",
				"parent": "bone78",
				"pivot": [4.5, 22.55, -0.1],
				"rotation": [20, 0, 0],
				"cubes": [
					{"origin": [4.33716, 23.31313, 0.54034], "size": [0.5, 0.5, 0.5], "uv": [23, 15]}
				]
			},
			{
				"name": "bone80",
				"parent": "bone79",
				"pivot": [4.5, 22.55, 0.4],
				"rotation": [25, 0, 0],
				"cubes": [
					{"origin": [4.33716, 22.97101, 1.30286], "size": [0.5, 0.5, 1], "uv": [23, 15]}
				]
			},
			{
				"name": "bone81",
				"parent": "toushi2",
				"pivot": [4.45, 22.45, -0.35],
				"rotation": [-10, 0, 0],
				"cubes": [
					{"origin": [4.28716, 23.1924, -0.68682], "size": [0.5, 0.5, 0.5], "uv": [23, 19]}
				]
			},
			{
				"name": "bone82",
				"parent": "bone81",
				"pivot": [4.45, 22.2, -0.1],
				"rotation": [20, 0, 0],
				"cubes": [
					{"origin": [4.28716, 23.16225, 0.15783], "size": [0.5, 0.5, 0.5], "uv": [24, 19]}
				]
			},
			{
				"name": "bone83",
				"parent": "bone82",
				"pivot": [4.45, 22.2, 0.4],
				"rotation": [25, 0, 0],
				"cubes": [
					{"origin": [4.28716, 22.96313, 1.04034], "size": [0.5, 0.5, 1], "uv": [23, 18]}
				]
			},
			{
				"name": "bone85",
				"parent": "toushi2",
				"pivot": [5.35, 21.8, 0.4],
				"rotation": [10, 0, 0],
				"cubes": [
					{"origin": [4.53716, 22.06225, 0.00783], "size": [0.3, 1.45, 0.3], "uv": [23, 19], "inflate": -0.1},
					{"origin": [4.53716, 22.21225, 0.00783], "size": [0.3, 0.3, 0.3], "uv": [23, 19]},
					{"origin": [4.53716, 21.46225, 0.00783], "size": [0.3, 0.7, 0.3], "uv": [23, 16]}
				]
			},
			{
				"name": "toushi3",
				"parent": "toushi",
				"pivot": [0.65, 17.8, 0],
				"rotation": [5, 0, 5],
				"cubes": [
					{"origin": [-4.93716, 22.8924, -0.66318], "size": [0.5, 1.65, 0.5], "uv": [23, 15], "mirror": true},
					{"origin": [-4.83716, 24.1924, -0.56318], "size": [0.3, 1.15, 0.3], "uv": [23, 19], "mirror": true},
					{"origin": [-4.83716, 21.8924, -0.56318], "size": [0.3, 1.45, 0.3], "uv": [23, 19], "inflate": -0.1, "mirror": true},
					{"origin": [-4.83716, 22.0424, -0.56318], "size": [0.3, 0.3, 0.3], "uv": [23, 19], "mirror": true},
					{"origin": [-4.83716, 21.2924, -0.56318], "size": [0.3, 0.7, 0.3], "uv": [23, 16], "mirror": true},
					{"origin": [-4.98716, 23.5424, -0.86318], "size": [0.55, 0.25, 0.9], "uv": [23, 15], "mirror": true}
				]
			},
			{
				"name": "bone86",
				"parent": "toushi3",
				"pivot": [-5.35, 21.8, -1.4],
				"rotation": [-10, 0, 0],
				"cubes": [
					{"origin": [-4.83716, 22.0924, -1.13682], "size": [0.3, 1.45, 0.3], "uv": [23, 19], "inflate": -0.1, "mirror": true},
					{"origin": [-4.83716, 22.2424, -1.13682], "size": [0.3, 0.3, 0.3], "uv": [23, 19], "mirror": true},
					{"origin": [-4.83716, 21.4924, -1.13682], "size": [0.3, 0.7, 0.3], "uv": [23, 16], "mirror": true}
				]
			},
			{
				"name": "bone87",
				"parent": "toushi3",
				"pivot": [-4.55, 23.05, -1],
				"rotation": [65, 0, 0],
				"cubes": [
					{"origin": [-4.88716, 22.89072, -0.31388], "size": [0.5, 0.5, 0.5], "uv": [23, 19], "mirror": true}
				]
			},
			{
				"name": "bone88",
				"parent": "bone87",
				"pivot": [-4.55, 23.05, -1.25],
				"rotation": [-25, 0, 0],
				"cubes": [
					{"origin": [-4.88716, 23.75442, -0.54558], "size": [0.5, 0.5, 0.5], "uv": [23, 19], "mirror": true}
				]
			},
			{
				"name": "bone89",
				"parent": "bone88",
				"pivot": [-4.55, 23.55, -1.25],
				"rotation": [-35, 0, 0],
				"cubes": [
					{"origin": [-4.88716, 24.53106, -1.07701], "size": [0.5, 1.25, 0.5], "uv": [23, 19], "mirror": true}
				]
			},
			{
				"name": "bone90",
				"parent": "toushi3",
				"pivot": [-4.5, 22.8, -0.65],
				"rotation": [-15, 0, 0],
				"cubes": [
					{"origin": [-4.83716, 23.53106, -1.07299], "size": [0.5, 0.5, 0.5], "uv": [23, 15], "mirror": true}
				]
			},
			{
				"name": "bone91",
				"parent": "bone90",
				"pivot": [-4.5, 22.55, -0.9],
				"rotation": [-20, 0, 0],
				"cubes": [
					{"origin": [-4.83716, 23.41273, -1.8981], "size": [0.5, 0.5, 0.5], "uv": [23, 15], "mirror": true}
				]
			},
			{
				"name": "bone92",
				"parent": "bone91",
				"pivot": [-4.5, 22.55, -1.4],
				"rotation": [-25, 0, 0],
				"cubes": [
					{"origin": [-4.83716, 23.12139, -3.21603], "size": [0.5, 0.5, 1], "uv": [23, 15], "mirror": true}
				]
			},
			{
				"name": "bone93",
				"parent": "toushi3",
				"pivot": [-4.45, 22.45, -0.65],
				"rotation": [10, 0, 0],
				"cubes": [
					{"origin": [-4.78716, 23.16225, -0.64217], "size": [0.5, 0.5, 0.5], "uv": [23, 19], "mirror": true}
				]
			},
			{
				"name": "bone94",
				"parent": "bone93",
				"pivot": [-4.45, 22.2, -0.9],
				"rotation": [-20, 0, 0],
				"cubes": [
					{"origin": [-4.78716, 23.1924, -1.48682], "size": [0.5, 0.5, 0.5], "uv": [24, 19], "mirror": true}
				]
			},
			{
				"name": "bone95",
				"parent": "bone94",
				"pivot": [-4.45, 22.2, -1.4],
				"rotation": [-25, 0, 0],
				"cubes": [
					{"origin": [-4.78716, 23.06273, -2.8981], "size": [0.5, 0.5, 1], "uv": [23, 18], "mirror": true}
				]
			},
			{
				"name": "bone96",
				"parent": "toushi3",
				"pivot": [-4.55, 23.05, 0],
				"rotation": [-65, 0, 0],
				"cubes": [
					{"origin": [-4.88716, 23.0481, -1.11273], "size": [0.5, 0.5, 0.5], "uv": [23, 19], "mirror": true}
				]
			},
			{
				"name": "bone97",
				"parent": "bone96",
				"pivot": [-4.55, 23.05, 0.25],
				"rotation": [25, 0, 0],
				"cubes": [
					{"origin": [-4.88716, 23.86603, -0.82139], "size": [0.5, 0.5, 0.5], "uv": [23, 19], "mirror": true}
				]
			},
			{
				"name": "bone98",
				"parent": "bone97",
				"pivot": [-4.55, 23.55, 0.25],
				"rotation": [35, 0, 0],
				"cubes": [
					{"origin": [-4.88716, 24.54619, -0.25], "size": [0.5, 1.25, 0.5], "uv": [23, 19], "mirror": true}
				]
			},
			{
				"name": "bone99",
				"parent": "toushi3",
				"pivot": [-4.5, 22.8, -0.35],
				"rotation": [15, 0, 0],
				"cubes": [
					{"origin": [-4.83716, 23.48612, -0.25928], "size": [0.5, 0.5, 0.5], "uv": [23, 15], "mirror": true}
				]
			},
			{
				"name": "bone100",
				"parent": "bone99",
				"pivot": [-4.5, 22.55, -0.1],
				"rotation": [20, 0, 0],
				"cubes": [
					{"origin": [-4.83716, 23.31313, 0.54034], "size": [0.5, 0.5, 0.5], "uv": [23, 15], "mirror": true}
				]
			},
			{
				"name": "bone101",
				"parent": "bone100",
				"pivot": [-4.5, 22.55, 0.4],
				"rotation": [25, 0, 0],
				"cubes": [
					{"origin": [-4.83716, 22.97101, 1.30286], "size": [0.5, 0.5, 1], "uv": [23, 15], "mirror": true}
				]
			},
			{
				"name": "bone105",
				"parent": "toushi3",
				"pivot": [-4.45, 22.45, -0.35],
				"rotation": [-10, 0, 0],
				"cubes": [
					{"origin": [-4.78716, 23.1924, -0.68682], "size": [0.5, 0.5, 0.5], "uv": [23, 19], "mirror": true}
				]
			},
			{
				"name": "bone106",
				"parent": "bone105",
				"pivot": [-4.45, 22.2, -0.1],
				"rotation": [20, 0, 0],
				"cubes": [
					{"origin": [-4.78716, 23.16225, 0.15783], "size": [0.5, 0.5, 0.5], "uv": [24, 19], "mirror": true}
				]
			},
			{
				"name": "bone107",
				"parent": "bone106",
				"pivot": [-4.45, 22.2, 0.4],
				"rotation": [25, 0, 0],
				"cubes": [
					{"origin": [-4.78716, 22.96313, 1.04034], "size": [0.5, 0.5, 1], "uv": [23, 18], "mirror": true}
				]
			},
			{
				"name": "bone108",
				"parent": "toushi3",
				"pivot": [-5.35, 21.8, 0.4],
				"rotation": [10, 0, 0],
				"cubes": [
					{"origin": [-4.83716, 22.06225, 0.00783], "size": [0.3, 1.45, 0.3], "uv": [23, 19], "inflate": -0.1, "mirror": true},
					{"origin": [-4.83716, 22.21225, 0.00783], "size": [0.3, 0.3, 0.3], "uv": [23, 19], "mirror": true},
					{"origin": [-4.83716, 21.46225, 0.00783], "size": [0.3, 0.7, 0.3], "uv": [23, 16], "mirror": true}
				]
			},
			{
				"name": "body",
				"pivot": [0, 10.5, 0],
				"cubes": [
					{"origin": [-2.5, 12.999, -2], "size": [5, 6, 4], "uv": [35, 0]}
				]
			},
			{
				"name": "clothes",
				"parent": "body",
				"pivot": [0, 10.5, 0]
			},
			{
				"name": "clothes1",
				"parent": "clothes",
				"pivot": [0, 10.5, -0.1],
				"cubes": [
					{"origin": [-0.5, 18.8, -2.2], "size": [1, 0.3, 1], "uv": [26, 15]}
				]
			},
			{
				"name": "bone147",
				"parent": "clothes1",
				"pivot": [0, 17.65, -1.8],
				"rotation": [0, 0, -45],
				"cubes": [
					{"origin": [0.20711, 18.20711, -2.3], "size": [1, 0.3, 1], "uv": [22, 15]},
					{"origin": [0.35711, 18.25711, -2.35], "size": [0.7, 0.2, 1], "uv": [27, 15]}
				]
			},
			{
				"name": "bone148",
				"parent": "clothes1",
				"pivot": [0, 17.65, -1.8],
				"rotation": [0, 0, -90],
				"cubes": [
					{"origin": [0.5, 17.5, -2.3], "size": [1, 0.3, 1], "uv": [22, 15]},
					{"origin": [0.65, 17.55, -2.35], "size": [0.7, 0.2, 1], "uv": [27, 15]}
				]
			},
			{
				"name": "bone149",
				"parent": "clothes1",
				"pivot": [0, 17.65, -1.8],
				"rotation": [0, 0, -135],
				"cubes": [
					{"origin": [0.20711, 16.79289, -2.3], "size": [1, 0.3, 1], "uv": [22, 15]},
					{"origin": [0.35711, 16.84289, -2.35], "size": [0.7, 0.2, 1], "uv": [27, 15]}
				]
			},
			{
				"name": "bone150",
				"parent": "clothes1",
				"pivot": [0, 17.65, -1.8],
				"rotation": [0, 0, -180],
				"cubes": [
					{"origin": [-0.5, 16.5, -2.3], "size": [1, 0.3, 1], "uv": [22, 15]},
					{"origin": [-0.35, 16.55, -2.35], "size": [0.7, 0.2, 1], "uv": [27, 15]}
				]
			},
			{
				"name": "bone151",
				"parent": "clothes1",
				"pivot": [0, 9.8, -0.05],
				"cubes": [
					{"origin": [-0.1, 17.5, -2.25], "size": [0.2, 0.7, 0.2], "uv": [28, 19]}
				]
			},
			{
				"name": "bone152",
				"parent": "bone151",
				"pivot": [-0.4, 16.95, -2.15],
				"rotation": [0, 0, 15],
				"cubes": [
					{"origin": [-0.75882, 17.56593, -2.25], "size": [0.2, 0.7, 0.2], "uv": [28, 19]}
				]
			},
			{
				"name": "bone153",
				"parent": "bone151",
				"pivot": [0.4, 16.95, -2.15],
				"rotation": [0, 0, -15],
				"cubes": [
					{"origin": [0.55882, 17.56593, -2.25], "size": [0.2, 0.7, 0.2], "uv": [28, 19], "mirror": true}
				]
			},
			{
				"name": "clothes2",
				"parent": "clothes",
				"pivot": [0, 11, 0],
				"cubes": [
					{"origin": [-2.7, 16.1, -2.15], "size": [5.4, 1, 4.3], "uv": [107, 78]},
					{"origin": [-2.7, 13.1, -2.15], "size": [5.4, 1.75, 4.3], "uv": [42, 37]}
				]
			},
			{
				"name": "clothes7",
				"parent": "clothes",
				"pivot": [0, 9.25, 0]
			},
			{
				"name": "bone170",
				"parent": "clothes7",
				"pivot": [-0.05, 10.25, 0],
				"rotation": [0, 0, 25],
				"cubes": [
					{"origin": [-4.31786, 8.46893, -1.05], "size": [2.55, 5.5, 2.1], "uv": [43, 35]}
				]
			},
			{
				"name": "bone171",
				"parent": "bone170",
				"pivot": [-0.58054, 8.88238, -2],
				"rotation": [-15, 0, 0],
				"cubes": [
					{"origin": [-4.34839, 8.75867, -3.00371], "size": [3.3, 4, 2.35], "uv": [43, 35]}
				]
			},
			{
				"name": "bone172",
				"parent": "bone170",
				"pivot": [-0.58054, 8.88238, 2],
				"rotation": [15, 0, 0],
				"cubes": [
					{"origin": [-4.34839, 8.75867, 0.65371], "size": [3.3, 4, 2.35], "uv": [43, 35]}
				]
			},
			{
				"name": "bone173",
				"parent": "clothes7",
				"pivot": [0.05, 10.25, 0],
				"rotation": [0, 0, -25],
				"cubes": [
					{"origin": [1.76786, 8.46893, -1.05], "size": [2.55, 5.5, 2.1], "uv": [43, 35]}
				]
			},
			{
				"name": "bone174",
				"parent": "bone173",
				"pivot": [0.58054, 8.88238, -2],
				"rotation": [-15, 0, 0],
				"cubes": [
					{"origin": [1.04839, 8.75867, -3.00371], "size": [3.3, 4, 2.35], "uv": [43, 35]}
				]
			},
			{
				"name": "bone175",
				"parent": "bone173",
				"pivot": [0.58054, 8.88238, 2],
				"rotation": [15, 0, 0],
				"cubes": [
					{"origin": [1.04839, 8.75867, 0.65371], "size": [3.3, 4, 2.35], "uv": [43, 35]}
				]
			},
			{
				"name": "bone176",
				"parent": "clothes7",
				"pivot": [0, 9.25, 0]
			},
			{
				"name": "bone177",
				"parent": "bone176",
				"pivot": [1.51946, 9.23238, 2],
				"rotation": [15, 0, 0],
				"cubes": [
					{"origin": [-1.8, 9.38017, 1.22646], "size": [3.55, 4, 1.85], "uv": [43, 35]}
				]
			},
			{
				"name": "bone178",
				"parent": "bone176",
				"pivot": [1.51946, 9.23238, -2],
				"rotation": [-15, 0, 0],
				"cubes": [
					{"origin": [-1.8, 9.38017, -3.07646], "size": [3.55, 4, 1.85], "uv": [43, 35]}
				]
			},
			{
				"name": "clothes3",
				"parent": "clothes",
				"pivot": [0, 9.5, 0],
				"cubes": [
					{"origin": [-2.8, 14.3, -2.25], "size": [5.6, 2, 4.5], "uv": [71, 77]},
					{"origin": [-3.2, 14.8, -2.6], "size": [6.4, 1, 5.2], "uv": [103, 75], "inflate": -0.25}
				]
			},
			{
				"name": "bone127",
				"parent": "clothes3",
				"pivot": [-1.775, 13.25, 0],
				"rotation": [0, 0, 30],
				"cubes": [
					{"origin": [-4.49485, 16.10196, -2.15], "size": [3.25, 2.3, 4.3], "uv": [25, 80]}
				]
			},
			{
				"name": "bone129",
				"parent": "clothes3",
				"pivot": [-0.5, 10.5, 1]
			},
			{
				"name": "bone130",
				"parent": "bone129",
				"pivot": [1.5, 12.75, -2.5],
				"rotation": [-10, 0, -20],
				"cubes": [
					{"origin": [1.68404, 14.10083, -3.32635], "size": [1, 1, 1], "uv": [0, 90]}
				]
			},
			{
				"name": "bone131",
				"parent": "bone129",
				"pivot": [0.5, 12.75, -2.4],
				"rotation": [-10, 0, 20],
				"cubes": [
					{"origin": [-0.68404, 14.10083, -3.22635], "size": [1, 1, 1], "uv": [3, 76]}
				]
			},
			{
				"name": "bone132",
				"parent": "bone129",
				"pivot": [-2.0375, 5.875, -1.05],
				"rotation": [-5, -5, 30],
				"cubes": [
					{"origin": [-4.84619, 11.98306, -3.66413], "size": [1.75, 3, 1], "uv": [121, 84], "inflate": -0.25}
				]
			},
			{
				"name": "bone133",
				"parent": "bone132",
				"pivot": [-3.475, 11.75, -2.85],
				"rotation": [0, 0, 20],
				"cubes": [
					{"origin": [-5.87886, 12.03782, -3.41413], "size": [1.75, 2.5, 1], "uv": [112, 84], "inflate": -0.25}
				]
			},
			{
				"name": "bone134",
				"parent": "bone129",
				"pivot": [4.0375, 5.875, -1.05],
				"rotation": [-5, 5, -30],
				"cubes": [
					{"origin": [5.09619, 11.98306, -3.66413], "size": [1.75, 3, 1], "uv": [121, 84], "inflate": -0.25}
				]
			},
			{
				"name": "bone135",
				"parent": "bone134",
				"pivot": [5.475, 11.75, -2.85],
				"rotation": [0, 0, -20],
				"cubes": [
					{"origin": [6.12886, 12.03782, -3.41413], "size": [1.75, 2.5, 1], "uv": [107, 84], "inflate": -0.25}
				]
			},
			{
				"name": "bone136",
				"parent": "bone129",
				"pivot": [0.25, 9.25, -2.95],
				"rotation": [-5, 0, 15],
				"cubes": [
					{"origin": [-0.76764, 8.6745, -3.11837], "size": [1, 5, 0], "uv": [112, 66]}
				]
			},
			{
				"name": "bone137",
				"parent": "bone129",
				"pivot": [1.75, 9.25, -2.95],
				"rotation": [-5, 0, -15],
				"cubes": [
					{"origin": [1.76764, 8.6745, -3.11837], "size": [1, 5, 0], "uv": [109, 67]}
				]
			},
			{
				"name": "bone141",
				"parent": "clothes3",
				"pivot": [0, 9.5, -1]
			},
			{
				"name": "bone142",
				"parent": "bone141",
				"pivot": [0, 12.5, 2.75],
				"rotation": [10, 0, 0],
				"cubes": [
					{"origin": [-0.5, 13.96962, 2.5973], "size": [1, 1, 1.1], "uv": [7, 45]}
				]
			},
			{
				"name": "bone143",
				"parent": "bone142",
				"pivot": [-0.7, 13.3, 2.85],
				"rotation": [0, 0, 40],
				"cubes": [
					{"origin": [-2.96604, 14.05881, 2.7973], "size": [2, 1.25, 1], "uv": [80, 82], "inflate": -0.25}
				]
			},
			{
				"name": "bone144",
				"parent": "bone143",
				"pivot": [-2.7, 12.55, 3.05],
				"rotation": [0, 0, 55],
				"cubes": [
					{"origin": [-5.0143, 12.22585, 2.7473], "size": [1.25, 2, 1], "uv": [33, 80], "inflate": -0.25}
				]
			},
			{
				"name": "bone145",
				"parent": "bone144",
				"pivot": [-2.80218, 12.64752, 3.05],
				"rotation": [0, 0, 40],
				"cubes": [
					{"origin": [-4.44491, 11.00479, 2.6973], "size": [2, 1.25, 1], "uv": [87, 75], "inflate": -0.25}
				]
			},
			{
				"name": "bone146",
				"parent": "bone145",
				"pivot": [-1.30218, 12.64752, 3.05],
				"rotation": [0, 0, 35],
				"cubes": [
					{"origin": [-2.6442, 10.45782, 2.6473], "size": [1.25, 2, 1], "uv": [32, 83], "inflate": -0.25}
				]
			},
			{
				"name": "bone154",
				"parent": "bone146",
				"pivot": [-1.30218, 14.14752, 3.05],
				"rotation": [0, 0, 50],
				"cubes": [
					{"origin": [-1.78614, 11.6387, 2.5973], "size": [2, 1.25, 1], "uv": [78, 82], "inflate": -0.25}
				]
			},
			{
				"name": "bone155",
				"parent": "bone154",
				"pivot": [-2.80218, 14.14752, 3.05],
				"rotation": [5, 0, 30],
				"cubes": [
					{"origin": [-1.20135, 11.69616, 2.48726], "size": [1.25, 2, 1], "uv": [33, 74], "inflate": -0.25}
				]
			},
			{
				"name": "bone156",
				"parent": "bone155",
				"pivot": [-2.80218, 12.64752, 2.85],
				"rotation": [0, -5, 65],
				"cubes": [
					{"origin": [-1.6147, 13.77854, 2.3126], "size": [2, 1.25, 1], "uv": [81, 74], "inflate": -0.25}
				]
			},
			{
				"name": "bone157",
				"parent": "bone142",
				"pivot": [0.7, 13.3, 2.85],
				"rotation": [0, 0, -40],
				"cubes": [
					{"origin": [0.96604, 14.05881, 2.7973], "size": [2, 1.25, 1], "uv": [78, 83], "inflate": -0.25}
				]
			},
			{
				"name": "bone158",
				"parent": "bone157",
				"pivot": [2.7, 12.55, 3.05],
				"rotation": [0, 0, -55],
				"cubes": [
					{"origin": [3.7643, 12.22585, 2.7473], "size": [1.25, 2, 1], "uv": [33, 76], "inflate": -0.25}
				]
			},
			{
				"name": "bone159",
				"parent": "bone158",
				"pivot": [2.80218, 12.64752, 3.05],
				"rotation": [0, 0, -40],
				"cubes": [
					{"origin": [2.44491, 11.00479, 2.6973], "size": [2, 1.25, 1], "uv": [79, 80], "inflate": -0.25}
				]
			},
			{
				"name": "bone160",
				"parent": "bone159",
				"pivot": [1.30218, 12.64752, 3.05],
				"rotation": [0, 0, -35],
				"cubes": [
					{"origin": [1.3942, 10.45782, 2.6473], "size": [1.25, 2, 1], "uv": [31, 83], "inflate": -0.25}
				]
			},
			{
				"name": "bone161",
				"parent": "bone160",
				"pivot": [1.30218, 14.14752, 3.05],
				"rotation": [0, 0, -50],
				"cubes": [
					{"origin": [-0.21386, 11.6387, 2.5973], "size": [2, 1.25, 1], "uv": [72, 77], "inflate": -0.25}
				]
			},
			{
				"name": "bone162",
				"parent": "bone161",
				"pivot": [2.80218, 14.14752, 3.05],
				"rotation": [5, 0, -30],
				"cubes": [
					{"origin": [-0.04865, 11.69616, 2.48726], "size": [1.25, 2, 1], "uv": [30, 80], "inflate": -0.25}
				]
			},
			{
				"name": "bone163",
				"parent": "bone162",
				"pivot": [2.80218, 12.64752, 2.85],
				"rotation": [0, 5, -65],
				"cubes": [
					{"origin": [-0.3853, 13.77854, 2.3126], "size": [2, 1.25, 1], "uv": [92, 79], "inflate": -0.25}
				]
			},
			{
				"name": "bone164",
				"parent": "clothes3",
				"pivot": [0, 9.5, -0.25]
			},
			{
				"name": "bone165",
				"parent": "bone164",
				"pivot": [-1.3125, 5.125, 1.825],
				"rotation": [10, 0, 15],
				"cubes": [
					{"origin": [-3.26764, 12.1525, 3.78546], "size": [1.25, 2, 1], "uv": [33, 82], "inflate": -0.25}
				]
			},
			{
				"name": "bone166",
				"parent": "bone165",
				"pivot": [-1.725, 10.5, 4.2],
				"rotation": [0, 0, 10],
				"cubes": [
					{"origin": [-3.59014, 10.53371, 3.73546], "size": [1.25, 2, 1], "uv": [78, 78], "inflate": -0.25}
				]
			},
			{
				"name": "bone167",
				"parent": "bone166",
				"pivot": [-1.75, 9, 3.9],
				"rotation": [0, 0, -165],
				"cubes": [
					{"origin": [-0.72683, 7.24451, 3.68546], "size": [1.25, 2, 1], "uv": [32, 84], "inflate": -0.25},
					{"origin": [-0.82683, 8.74451, 3.58546], "size": [1.45, 1.35, 1.2], "uv": [5, 83], "inflate": -0.25}
				]
			},
			{
				"name": "bone168",
				"parent": "bone167",
				"pivot": [-1.50897, 11.98205, 3.85],
				"rotation": [0, 0, -15],
				"cubes": [
					{"origin": [-1.29383, 9.19834, 3.68546], "size": [1.25, 1.75, 1], "uv": [68, 74], "inflate": -0.25}
				]
			},
			{
				"name": "bone169",
				"parent": "bone164",
				"pivot": [1.3125, 5.125, 1.825],
				"rotation": [10, 0, -15],
				"cubes": [
					{"origin": [2.01764, 12.1525, 3.78546], "size": [1.25, 2, 1], "uv": [32, 78], "inflate": -0.25}
				]
			},
			{
				"name": "bone179",
				"parent": "bone169",
				"pivot": [1.725, 10.5, 4.2],
				"rotation": [0, 0, -10],
				"cubes": [
					{"origin": [2.34014, 10.53371, 3.73546], "size": [1.25, 2, 1], "uv": [82, 76], "inflate": -0.25}
				]
			},
			{
				"name": "bone180",
				"parent": "bone179",
				"pivot": [1.75, 9, 3.9],
				"rotation": [0, 0, 165],
				"cubes": [
					{"origin": [-0.52317, 7.24451, 3.68546], "size": [1.25, 2, 1], "uv": [30, 83], "inflate": -0.25},
					{"origin": [-0.62317, 8.74451, 3.58546], "size": [1.45, 1.35, 1.2], "uv": [14, 85], "inflate": -0.25}
				]
			},
			{
				"name": "bone181",
				"parent": "bone180",
				"pivot": [1.50897, 11.98205, 3.85],
				"rotation": [0, 0, 15],
				"cubes": [
					{"origin": [0.04383, 9.19834, 3.68546], "size": [1.25, 1.75, 1], "uv": [89, 85], "inflate": -0.25}
				]
			},
			{
				"name": "bone128",
				"parent": "clothes3",
				"pivot": [1.775, 13.25, 0],
				"rotation": [0, 0, -30],
				"cubes": [
					{"origin": [1.24485, 16.10196, -2.15], "size": [3.25, 2.3, 4.3], "uv": [26, 82], "mirror": true}
				]
			},
			{
				"name": "armRight",
				"pivot": [-1, 16.5, 0],
				"rotation": [0, 0, 25],
				"cubes": [
					{"origin": [-3.84524, 9.31262, -1], "size": [2, 8, 2], "uv": [55, 1]},
					{"origin": [-4.09524, 10.31262, -1.25], "size": [2.5, 5, 2.5], "uv": [104, 0]},
					{"origin": [-4.34524, 13.31262, -1.5], "size": [3, 1, 3], "uv": [25, 39]}
				]
			},
			{
				"name": "bone109",
				"parent": "armRight",
				"pivot": [0.89693, 2.69885, 1.25],
				"rotation": [5, 0, -5],
				"cubes": [
					{"origin": [-3.6216, 5.1915, 1.6638], "size": [3.5, 9, 1], "uv": [117, 33], "inflate": -0.25}
				]
			},
			{
				"name": "bone110",
				"parent": "bone109",
				"pivot": [-2.16857, 12.07842, 2.1],
				"rotation": [0, 0, 20],
				"cubes": [
					{"origin": [-3.72069, 5.59463, 1.7638], "size": [3.25, 8.25, 1], "uv": [117, 54], "inflate": -0.25}
				]
			},
			{
				"name": "bone111",
				"parent": "armRight",
				"pivot": [-3.24279, 8.52956, 0.125],
				"rotation": [0, 0, 25],
				"cubes": [
					{"origin": [-6.13209, 9.78558, -1.25], "size": [1.35, 3, 2.5], "uv": [106, 10]}
				]
			},
			{
				"name": "bone112",
				"parent": "armRight",
				"pivot": [-1, 16.5, 0]
			},
			{
				"name": "bone113",
				"parent": "bone112",
				"pivot": [-3.5707, 11.6209, 0.5],
				"rotation": [15, -5, 10],
				"cubes": [
					{"origin": [-5.21349, 12.67751, 0.5206], "size": [1, 1, 1], "uv": [0, 73]}
				]
			},
			{
				"name": "bone114",
				"parent": "bone112",
				"pivot": [-3.48007, 11.66316, -0.5],
				"rotation": [-15, 5, 10],
				"cubes": [
					{"origin": [-5.12286, 12.71977, -1.5206], "size": [1, 1, 1], "uv": [0, 73]}
				]
			},
			{
				"name": "armLeft",
				"pivot": [1, 16.5, 0],
				"rotation": [0, 0, -25],
				"cubes": [
					{"origin": [1.84524, 9.31262, -1], "size": [2, 8, 2], "uv": [54, 0], "mirror": true},
					{"origin": [1.59524, 10.31262, -1.25], "size": [2.5, 5, 2.5], "uv": [104, 24], "mirror": true},
					{"origin": [1.34524, 13.31262, -1.5], "size": [3, 1, 3], "uv": [25, 39], "mirror": true}
				]
			},
			{
				"name": "bone115",
				"parent": "armLeft",
				"pivot": [-0.89693, 2.69885, 1.25],
				"rotation": [5, 0, 5],
				"cubes": [
					{"origin": [0.1216, 5.1915, 1.6638], "size": [3.5, 9, 1], "uv": [117, 64], "inflate": -0.25, "mirror": true}
				]
			},
			{
				"name": "bone116",
				"parent": "bone115",
				"pivot": [2.16857, 12.07842, 2.1],
				"rotation": [0, 0, -20],
				"cubes": [
					{"origin": [0.47069, 5.59463, 1.7638], "size": [3.25, 8.25, 1], "uv": [108, 53], "inflate": -0.25, "mirror": true}
				]
			},
			{
				"name": "bone117",
				"parent": "armLeft",
				"pivot": [3.24279, 8.52956, 0.125],
				"rotation": [0, 0, -25],
				"cubes": [
					{"origin": [4.78209, 9.78558, -1.25], "size": [1.35, 3, 2.5], "uv": [105, 37], "mirror": true}
				]
			},
			{
				"name": "bone118",
				"parent": "armLeft",
				"pivot": [1, 16.5, 0]
			},
			{
				"name": "bone119",
				"parent": "bone118",
				"pivot": [3.5707, 11.6209, 0.5],
				"rotation": [15, 5, -10],
				"cubes": [
					{"origin": [4.21349, 12.67751, 0.5206], "size": [1, 1, 1], "uv": [4, 73], "mirror": true}
				]
			},
			{
				"name": "bone120",
				"parent": "bone118",
				"pivot": [3.48007, 11.66316, -0.5],
				"rotation": [-15, -5, -10],
				"cubes": [
					{"origin": [4.12286, 12.71977, -1.5206], "size": [1, 1, 1], "uv": [4, 73], "mirror": true}
				]
			},
			{
				"name": "legLeft",
				"pivot": [2, 9, 0],
				"cubes": [
					{"origin": [0.499, 2, -1.5], "size": [3, 9, 3], "uv": [113, 19]}
				]
			},
			{
				"name": "shose2",
				"parent": "legLeft",
				"pivot": [2, 2, -1.5],
				"cubes": [
					{"origin": [0.249, 0.8, -1.75], "size": [3.5, 1.2, 3.5], "uv": [48, 79]}
				]
			},
			{
				"name": "bone121",
				"parent": "shose2",
				"pivot": [1.65, 2.25, -1.4],
				"rotation": [-15, 0, 0],
				"cubes": [
					{"origin": [1.15, 1.5, -1.9], "size": [1, 1.25, 1], "uv": [9, 72], "inflate": -0.3}
				]
			},
			{
				"name": "bone122",
				"parent": "shose2",
				"pivot": [2.5, 0.5, 0],
				"rotation": [0, 25, 0],
				"cubes": [
					{"origin": [2, -0.25, -1.5], "size": [1, 1.5, 3], "uv": [19, 58], "inflate": -0.25}
				]
			},
			{
				"name": "bone123",
				"parent": "shose2",
				"pivot": [1.5, 0.5, 0],
				"rotation": [0, -25, 0],
				"cubes": [
					{"origin": [1, -0.25, -1.5], "size": [1, 1.5, 3], "uv": [27, 53], "inflate": -0.25}
				]
			},
			{
				"name": "legRight",
				"pivot": [-2, 9, 0],
				"cubes": [
					{"origin": [-3.499, 2, -1.5], "size": [3, 9, 3], "uv": [113, 0], "mirror": true},
					{"origin": [-3.85, 6.45, -1.85], "size": [3.7, 1, 3.7], "uv": [113, 14], "inflate": -0.3, "mirror": true}
				]
			},
			{
				"name": "shose3",
				"parent": "legRight",
				"pivot": [-2, 2, -1.5],
				"cubes": [
					{"origin": [-3.749, 0.8, -1.75], "size": [3.5, 1.2, 3.5], "uv": [52, 72], "mirror": true}
				]
			},
			{
				"name": "bone124",
				"parent": "shose3",
				"pivot": [-1.65, 2.25, -1.4],
				"rotation": [-15, 0, 0],
				"cubes": [
					{"origin": [-2.15, 1.5, -1.9], "size": [1, 1.25, 1], "uv": [10, 78], "inflate": -0.3, "mirror": true}
				]
			},
			{
				"name": "bone125",
				"parent": "shose3",
				"pivot": [-2.5, 0.5, 0],
				"rotation": [0, -25, 0],
				"cubes": [
					{"origin": [-3, -0.25, -1.5], "size": [1, 1.5, 3], "uv": [30, 57], "inflate": -0.25, "mirror": true}
				]
			},
			{
				"name": "bone126",
				"parent": "shose3",
				"pivot": [-1.5, 0.5, 0],
				"rotation": [0, 25, 0],
				"cubes": [
					{"origin": [-2, -0.25, -1.5], "size": [1, 1.5, 3], "uv": [29, 58], "inflate": -0.25, "mirror": true}
				]
			},
			{
				"name": "tail",
				"pivot": [0, 12, 4]
			},
			{
				"name": "tails",
				"parent": "tail",
				"pivot": [0, 12, 4],
				"rotation": [20, 0, 0]
			},
			{
				"name": "tail1",
				"parent": "tails",
				"pivot": [0, 12, 4],
				"rotation": [180, 0, 0],
				"cubes": [
					{"origin": [-1, 11, 0], "size": [2, 2, 4], "uv": [110, 119]}
				]
			},
			{
				"name": "bone138",
				"parent": "tail1",
				"pivot": [0, 13, 2],
				"rotation": [45, 0, 0],
				"cubes": [
					{"origin": [-1.5, 13, -1], "size": [3, 3, 3], "uv": [110, 119]}
				]
			},
			{
				"name": "bone139",
				"parent": "bone138",
				"pivot": [0, 16, 2],
				"rotation": [41.4096, 0, 0],
				"cubes": [
					{"origin": [-2, 16, -2], "size": [4, 4, 4], "uv": [110, 119]}
				]
			},
			{
				"name": "bone140",
				"parent": "bone139",
				"pivot": [0, 20, 2],
				"rotation": [36.86989, 0, 0],
				"cubes": [
					{"origin": [-2.5, 20, -3], "size": [5, 5, 5], "uv": [78, 138]}
				]
			},
			{
				"name": "bone182",
				"parent": "bone140",
				"pivot": [0, 25, 2],
				"rotation": [33.55731, 0, 0],
				"cubes": [
					{"origin": [-3, 25, -4], "size": [6, 6, 6], "uv": [75, 135]}
				]
			},
			{
				"name": "bone183",
				"parent": "bone182",
				"pivot": [0, 31, 2],
				"rotation": [33.5573, 0, 0],
				"cubes": [
					{"origin": [-2.5, 31, -3], "size": [5, 5, 5], "uv": [74, 115]}
				]
			},
			{
				"name": "bone184",
				"parent": "bone183",
				"pivot": [0, 36, 2],
				"rotation": [36.86989, 0, 0],
				"cubes": [
					{"origin": [-2, 36, -2], "size": [4, 4, 4], "uv": [75, 118]}
				]
			},
			{
				"name": "bone185",
				"parent": "bone184",
				"pivot": [0, 40, 2],
				"rotation": [41.40962, 0, 0],
				"cubes": [
					{"origin": [-1.5, 40, -1], "size": [3, 3, 3], "uv": [52, 122]}
				]
			},
			{
				"name": "bone186",
				"parent": "bone185",
				"pivot": [0, 43, 2],
				"rotation": [45, 0, 0],
				"cubes": [
					{"origin": [-1, 43, 0], "size": [2, 2, 2], "uv": [23, 127]}
				]
			},
			{
				"name": "tail2",
				"parent": "tails",
				"pivot": [0, 12, 4],
				"rotation": [180, -60, 0],
				"cubes": [
					{"origin": [-1, 11, 0], "size": [2, 2, 4], "uv": [110, 119]}
				]
			},
			{
				"name": "bone187",
				"parent": "tail2",
				"pivot": [0, 13, 2],
				"rotation": [45, 0, 0],
				"cubes": [
					{"origin": [-1.5, 13, -1], "size": [3, 3, 3], "uv": [110, 119]}
				]
			},
			{
				"name": "bone188",
				"parent": "bone187",
				"pivot": [0, 16, 2],
				"rotation": [41.4096, 0, 0],
				"cubes": [
					{"origin": [-2, 16, -2], "size": [4, 4, 4], "uv": [110, 119]}
				]
			},
			{
				"name": "bone189",
				"parent": "bone188",
				"pivot": [0, 20, 2],
				"rotation": [36.86989, 0, 0],
				"cubes": [
					{"origin": [-2.5, 20, -3], "size": [5, 5, 5], "uv": [78, 137]}
				]
			},
			{
				"name": "bone190",
				"parent": "bone189",
				"pivot": [0, 25, 2],
				"rotation": [33.55731, 0, 0],
				"cubes": [
					{"origin": [-3, 25, -4], "size": [6, 6, 6], "uv": [75, 135]}
				]
			},
			{
				"name": "bone191",
				"parent": "bone190",
				"pivot": [0, 31, 2],
				"rotation": [33.5573, 0, 0],
				"cubes": [
					{"origin": [-2.5, 31, -3], "size": [5, 5, 5], "uv": [74, 117]}
				]
			},
			{
				"name": "bone192",
				"parent": "bone191",
				"pivot": [0, 36, 2],
				"rotation": [36.86989, 0, 0],
				"cubes": [
					{"origin": [-2, 36, -2], "size": [4, 4, 4], "uv": [50, 121]}
				]
			},
			{
				"name": "bone193",
				"parent": "bone192",
				"pivot": [0, 40, 2],
				"rotation": [41.40962, 0, 0],
				"cubes": [
					{"origin": [-1.5, 40, -1], "size": [3, 3, 3], "uv": [52, 124]}
				]
			},
			{
				"name": "bone194",
				"parent": "bone193",
				"pivot": [0, 43, 2],
				"rotation": [45, 0, 0],
				"cubes": [
					{"origin": [-1, 43, 0], "size": [2, 2, 2], "uv": [23, 124]}
				]
			},
			{
				"name": "tail4",
				"parent": "tails",
				"pivot": [0, 12, 4],
				"rotation": [120, -60, 0],
				"cubes": [
					{"origin": [-1, 11, 0], "size": [2, 2, 4], "uv": [110, 119]}
				]
			},
			{
				"name": "bone203",
				"parent": "tail4",
				"pivot": [0, 13, 2],
				"rotation": [45, 0, 0],
				"cubes": [
					{"origin": [-1.5, 13, -1], "size": [3, 3, 3], "uv": [110, 119]}
				]
			},
			{
				"name": "bone204",
				"parent": "bone203",
				"pivot": [0, 16, 2],
				"rotation": [41.4096, 0, 0],
				"cubes": [
					{"origin": [-2, 16, -2], "size": [4, 4, 4], "uv": [110, 119]}
				]
			},
			{
				"name": "bone205",
				"parent": "bone204",
				"pivot": [0, 20, 2],
				"rotation": [36.86989, 0, 0],
				"cubes": [
					{"origin": [-2.5, 20, -3], "size": [5, 5, 5], "uv": [110, 119]}
				]
			},
			{
				"name": "bone206",
				"parent": "bone205",
				"pivot": [0, 25, 2],
				"rotation": [33.55731, 0, 0],
				"cubes": [
					{"origin": [-3, 25, -4], "size": [6, 6, 6], "uv": [75, 135]}
				]
			},
			{
				"name": "bone207",
				"parent": "bone206",
				"pivot": [0, 31, 2],
				"rotation": [33.5573, 0, 0],
				"cubes": [
					{"origin": [-2.5, 31, -3], "size": [5, 5, 5], "uv": [78, 137]}
				]
			},
			{
				"name": "bone208",
				"parent": "bone207",
				"pivot": [0, 36, 2],
				"rotation": [36.86989, 0, 0],
				"cubes": [
					{"origin": [-2, 36, -2], "size": [4, 4, 4], "uv": [77, 119]}
				]
			},
			{
				"name": "bone209",
				"parent": "bone208",
				"pivot": [0, 40, 2],
				"rotation": [41.40962, 0, 0],
				"cubes": [
					{"origin": [-1.5, 40, -1], "size": [3, 3, 3], "uv": [50, 121]}
				]
			},
			{
				"name": "bone210",
				"parent": "bone209",
				"pivot": [0, 43, 2],
				"rotation": [45, 0, 0],
				"cubes": [
					{"origin": [-1, 43, 0], "size": [2, 2, 2], "uv": [26, 124]}
				]
			},
			{
				"name": "tail8",
				"parent": "tails",
				"pivot": [0, 12, 4],
				"rotation": [150, -30, 0],
				"cubes": [
					{"origin": [-1, 11, 0], "size": [2, 2, 4], "uv": [110, 119]}
				]
			},
			{
				"name": "bone235",
				"parent": "tail8",
				"pivot": [0, 13, 2],
				"rotation": [45, 0, 0],
				"cubes": [
					{"origin": [-1.5, 13, -1], "size": [3, 3, 3], "uv": [110, 119]}
				]
			},
			{
				"name": "bone236",
				"parent": "bone235",
				"pivot": [0, 16, 2],
				"rotation": [41.4096, 0, 0],
				"cubes": [
					{"origin": [-2, 16, -2], "size": [4, 4, 4], "uv": [110, 119]}
				]
			},
			{
				"name": "bone237",
				"parent": "bone236",
				"pivot": [0, 20, 2],
				"rotation": [36.86989, 0, 0],
				"cubes": [
					{"origin": [-2.5, 20, -3], "size": [5, 5, 5], "uv": [77, 137]}
				]
			},
			{
				"name": "bone238",
				"parent": "bone237",
				"pivot": [0, 25, 2],
				"rotation": [33.55731, 0, 0],
				"cubes": [
					{"origin": [-3, 25, -4], "size": [6, 6, 6], "uv": [74, 135]}
				]
			},
			{
				"name": "bone239",
				"parent": "bone238",
				"pivot": [0, 31, 2],
				"rotation": [33.5573, 0, 0],
				"cubes": [
					{"origin": [-2.5, 31, -3], "size": [5, 5, 5], "uv": [74, 116]}
				]
			},
			{
				"name": "bone240",
				"parent": "bone239",
				"pivot": [0, 36, 2],
				"rotation": [36.86989, 0, 0],
				"cubes": [
					{"origin": [-2, 36, -2], "size": [4, 4, 4], "uv": [76, 118]}
				]
			},
			{
				"name": "bone241",
				"parent": "bone240",
				"pivot": [0, 40, 2],
				"rotation": [41.40962, 0, 0],
				"cubes": [
					{"origin": [-1.5, 40, -1], "size": [3, 3, 3], "uv": [53, 123]}
				]
			},
			{
				"name": "bone242",
				"parent": "bone241",
				"pivot": [0, 43, 2],
				"rotation": [45, 0, 0],
				"cubes": [
					{"origin": [-1, 43, 0], "size": [2, 2, 2], "uv": [27, 125]}
				]
			},
			{
				"name": "tail9",
				"parent": "tails",
				"pivot": [0, 12, 4],
				"rotation": [150, -90, 0],
				"cubes": [
					{"origin": [-1, 11, 0], "size": [2, 2, 4], "uv": [110, 119]}
				]
			},
			{
				"name": "bone243",
				"parent": "tail9",
				"pivot": [0, 13, 2],
				"rotation": [45, 0, 0],
				"cubes": [
					{"origin": [-1.5, 13, -1], "size": [3, 3, 3], "uv": [110, 119]}
				]
			},
			{
				"name": "bone244",
				"parent": "bone243",
				"pivot": [0, 16, 2],
				"rotation": [41.4096, 0, 0],
				"cubes": [
					{"origin": [-2, 16, -2], "size": [4, 4, 4], "uv": [109, 118]}
				]
			},
			{
				"name": "bone245",
				"parent": "bone244",
				"pivot": [0, 20, 2],
				"rotation": [36.86989, 0, 0],
				"cubes": [
					{"origin": [-2.5, 20, -3], "size": [5, 5, 5], "uv": [105, 115]}
				]
			},
			{
				"name": "bone246",
				"parent": "bone245",
				"pivot": [0, 25, 2],
				"rotation": [33.55731, 0, 0],
				"cubes": [
					{"origin": [-3, 25, -4], "size": [6, 6, 6], "uv": [74, 135]}
				]
			},
			{
				"name": "bone247",
				"parent": "bone246",
				"pivot": [0, 31, 2],
				"rotation": [33.5573, 0, 0],
				"cubes": [
					{"origin": [-2.5, 31, -3], "size": [5, 5, 5], "uv": [74, 116]}
				]
			},
			{
				"name": "bone248",
				"parent": "bone247",
				"pivot": [0, 36, 2],
				"rotation": [36.86989, 0, 0],
				"cubes": [
					{"origin": [-2, 36, -2], "size": [4, 4, 4], "uv": [49, 120]}
				]
			},
			{
				"name": "bone249",
				"parent": "bone248",
				"pivot": [0, 40, 2],
				"rotation": [41.40962, 0, 0],
				"cubes": [
					{"origin": [-1.5, 40, -1], "size": [3, 3, 3], "uv": [53, 124]}
				]
			},
			{
				"name": "bone250",
				"parent": "bone249",
				"pivot": [0, 43, 2],
				"rotation": [45, 0, 0],
				"cubes": [
					{"origin": [-1, 43, 0], "size": [2, 2, 2], "uv": [22, 125]}
				]
			},
			{
				"name": "tail6",
				"parent": "tails",
				"pivot": [0, 12, 4],
				"rotation": [150, 90, 0],
				"cubes": [
					{"origin": [-1, 11, 0], "size": [2, 2, 4], "uv": [110, 119], "mirror": true}
				]
			},
			{
				"name": "bone219",
				"parent": "tail6",
				"pivot": [0, 13, 2],
				"rotation": [45, 0, 0],
				"cubes": [
					{"origin": [-1.5, 13, -1], "size": [3, 3, 3], "uv": [110, 119], "mirror": true}
				]
			},
			{
				"name": "bone220",
				"parent": "bone219",
				"pivot": [0, 16, 2],
				"rotation": [41.4096, 0, 0],
				"cubes": [
					{"origin": [-2, 16, -2], "size": [4, 4, 4], "uv": [109, 118], "mirror": true}
				]
			},
			{
				"name": "bone221",
				"parent": "bone220",
				"pivot": [0, 20, 2],
				"rotation": [36.86989, 0, 0],
				"cubes": [
					{"origin": [-2.5, 20, -3], "size": [5, 5, 5], "uv": [105, 115], "mirror": true}
				]
			},
			{
				"name": "bone222",
				"parent": "bone221",
				"pivot": [0, 25, 2],
				"rotation": [33.55731, 0, 0],
				"cubes": [
					{"origin": [-3, 25, -4], "size": [6, 6, 6], "uv": [74, 135], "mirror": true}
				]
			},
			{
				"name": "bone223",
				"parent": "bone222",
				"pivot": [0, 31, 2],
				"rotation": [33.5573, 0, 0],
				"cubes": [
					{"origin": [-2.5, 31, -3], "size": [5, 5, 5], "uv": [74, 118], "mirror": true}
				]
			},
			{
				"name": "bone224",
				"parent": "bone223",
				"pivot": [0, 36, 2],
				"rotation": [36.86989, 0, 0],
				"cubes": [
					{"origin": [-2, 36, -2], "size": [4, 4, 4], "uv": [49, 120], "mirror": true}
				]
			},
			{
				"name": "bone225",
				"parent": "bone224",
				"pivot": [0, 40, 2],
				"rotation": [41.40962, 0, 0],
				"cubes": [
					{"origin": [-1.5, 40, -1], "size": [3, 3, 3], "uv": [53, 124], "mirror": true}
				]
			},
			{
				"name": "bone226",
				"parent": "bone225",
				"pivot": [0, 43, 2],
				"rotation": [45, 0, 0],
				"cubes": [
					{"origin": [-1, 43, 0], "size": [2, 2, 2], "uv": [22, 125], "mirror": true}
				]
			},
			{
				"name": "tail5",
				"parent": "tails",
				"pivot": [0, 12, 4],
				"rotation": [120, 60, 0],
				"cubes": [
					{"origin": [-1, 11, 0], "size": [2, 2, 4], "uv": [110, 119], "mirror": true}
				]
			},
			{
				"name": "bone211",
				"parent": "tail5",
				"pivot": [0, 13, 2],
				"rotation": [45, 0, 0],
				"cubes": [
					{"origin": [-1.5, 13, -1], "size": [3, 3, 3], "uv": [110, 119], "mirror": true}
				]
			},
			{
				"name": "bone212",
				"parent": "bone211",
				"pivot": [0, 16, 2],
				"rotation": [41.4096, 0, 0],
				"cubes": [
					{"origin": [-2, 16, -2], "size": [4, 4, 4], "uv": [110, 119], "mirror": true}
				]
			},
			{
				"name": "bone213",
				"parent": "bone212",
				"pivot": [0, 20, 2],
				"rotation": [36.86989, 0, 0],
				"cubes": [
					{"origin": [-2.5, 20, -3], "size": [5, 5, 5], "uv": [110, 119], "mirror": true}
				]
			},
			{
				"name": "bone214",
				"parent": "bone213",
				"pivot": [0, 25, 2],
				"rotation": [33.55731, 0, 0],
				"cubes": [
					{"origin": [-3, 25, -4], "size": [6, 6, 6], "uv": [75, 135], "mirror": true}
				]
			},
			{
				"name": "bone215",
				"parent": "bone214",
				"pivot": [0, 31, 2],
				"rotation": [33.5573, 0, 0],
				"cubes": [
					{"origin": [-2.5, 31, -3], "size": [5, 5, 5], "uv": [78, 137], "mirror": true}
				]
			},
			{
				"name": "bone216",
				"parent": "bone215",
				"pivot": [0, 36, 2],
				"rotation": [36.86989, 0, 0],
				"cubes": [
					{"origin": [-2, 36, -2], "size": [4, 4, 4], "uv": [77, 119], "mirror": true}
				]
			},
			{
				"name": "bone217",
				"parent": "bone216",
				"pivot": [0, 40, 2],
				"rotation": [41.40962, 0, 0],
				"cubes": [
					{"origin": [-1.5, 40, -1], "size": [3, 3, 3], "uv": [50, 121], "mirror": true}
				]
			},
			{
				"name": "bone218",
				"parent": "bone217",
				"pivot": [0, 43, 2],
				"rotation": [45, 0, 0],
				"cubes": [
					{"origin": [-1, 43, 0], "size": [2, 2, 2], "uv": [26, 124], "mirror": true}
				]
			},
			{
				"name": "tail3",
				"parent": "tails",
				"pivot": [0, 12, 4],
				"rotation": [180, 60, 0],
				"cubes": [
					{"origin": [-1, 11, 0], "size": [2, 2, 4], "uv": [110, 119], "mirror": true}
				]
			},
			{
				"name": "bone195",
				"parent": "tail3",
				"pivot": [0, 13, 2],
				"rotation": [45, 0, 0],
				"cubes": [
					{"origin": [-1.5, 13, -1], "size": [3, 3, 3], "uv": [110, 119], "mirror": true}
				]
			},
			{
				"name": "bone196",
				"parent": "bone195",
				"pivot": [0, 16, 2],
				"rotation": [41.4096, 0, 0],
				"cubes": [
					{"origin": [-2, 16, -2], "size": [4, 4, 4], "uv": [110, 119], "mirror": true}
				]
			},
			{
				"name": "bone197",
				"parent": "bone196",
				"pivot": [0, 20, 2],
				"rotation": [36.86989, 0, 0],
				"cubes": [
					{"origin": [-2.5, 20, -3], "size": [5, 5, 5], "uv": [78, 137], "mirror": true}
				]
			},
			{
				"name": "bone198",
				"parent": "bone197",
				"pivot": [0, 25, 2],
				"rotation": [33.55731, 0, 0],
				"cubes": [
					{"origin": [-3, 25, -4], "size": [6, 6, 6], "uv": [75, 135], "mirror": true}
				]
			},
			{
				"name": "bone199",
				"parent": "bone198",
				"pivot": [0, 31, 2],
				"rotation": [33.5573, 0, 0],
				"cubes": [
					{"origin": [-2.5, 31, -3], "size": [5, 5, 5], "uv": [74, 117], "mirror": true}
				]
			},
			{
				"name": "bone200",
				"parent": "bone199",
				"pivot": [0, 36, 2],
				"rotation": [36.86989, 0, 0],
				"cubes": [
					{"origin": [-2, 36, -2], "size": [4, 4, 4], "uv": [50, 121], "mirror": true}
				]
			},
			{
				"name": "bone201",
				"parent": "bone200",
				"pivot": [0, 40, 2],
				"rotation": [41.40962, 0, 0],
				"cubes": [
					{"origin": [-1.5, 40, -1], "size": [3, 3, 3], "uv": [52, 124], "mirror": true}
				]
			},
			{
				"name": "bone202",
				"parent": "bone201",
				"pivot": [0, 43, 2],
				"rotation": [45, 0, 0],
				"cubes": [
					{"origin": [-1, 43, 0], "size": [2, 2, 2], "uv": [23, 124], "mirror": true}
				]
			},
			{
				"name": "tail7",
				"parent": "tails",
				"pivot": [0, 12, 4],
				"rotation": [150, 30, 0],
				"cubes": [
					{"origin": [-1, 11, 0], "size": [2, 2, 4], "uv": [110, 119], "mirror": true}
				]
			},
			{
				"name": "bone227",
				"parent": "tail7",
				"pivot": [0, 13, 2],
				"rotation": [45, 0, 0],
				"cubes": [
					{"origin": [-1.5, 13, -1], "size": [3, 3, 3], "uv": [110, 119], "mirror": true}
				]
			},
			{
				"name": "bone228",
				"parent": "bone227",
				"pivot": [0, 16, 2],
				"rotation": [41.4096, 0, 0],
				"cubes": [
					{"origin": [-2, 16, -2], "size": [4, 4, 4], "uv": [110, 119], "mirror": true}
				]
			},
			{
				"name": "bone229",
				"parent": "bone228",
				"pivot": [0, 20, 2],
				"rotation": [36.86989, 0, 0],
				"cubes": [
					{"origin": [-2.5, 20, -3], "size": [5, 5, 5], "uv": [77, 137], "mirror": true}
				]
			},
			{
				"name": "bone230",
				"parent": "bone229",
				"pivot": [0, 25, 2],
				"rotation": [33.55731, 0, 0],
				"cubes": [
					{"origin": [-3, 25, -4], "size": [6, 6, 6], "uv": [74, 135], "mirror": true}
				]
			},
			{
				"name": "bone231",
				"parent": "bone230",
				"pivot": [0, 31, 2],
				"rotation": [33.5573, 0, 0],
				"cubes": [
					{"origin": [-2.5, 31, -3], "size": [5, 5, 5], "uv": [74, 116], "mirror": true}
				]
			},
			{
				"name": "bone232",
				"parent": "bone231",
				"pivot": [0, 36, 2],
				"rotation": [36.86989, 0, 0],
				"cubes": [
					{"origin": [-2, 36, -2], "size": [4, 4, 4], "uv": [76, 118], "mirror": true}
				]
			},
			{
				"name": "bone233",
				"parent": "bone232",
				"pivot": [0, 40, 2],
				"rotation": [41.40962, 0, 0],
				"cubes": [
					{"origin": [-1.5, 40, -1], "size": [3, 3, 3], "uv": [53, 123], "mirror": true}
				]
			},
			{
				"name": "bone234",
				"parent": "bone233",
				"pivot": [0, 43, 2],
				"rotation": [45, 0, 0],
				"cubes": [
					{"origin": [-1, 43, 0], "size": [2, 2, 2], "uv": [27, 125], "mirror": true}
				]
			}
		]
	}
}